Comuna,Año,idx_desempleo,idx_habitat,idx_educacion,idx_riesgo_clima,idx_pobreza,idx_tejido_social,ivc
Altavista,2007,0.5021345482264159,0.05783383246990289,0.0495575418062696,0.5,0.3065630291103889,0.5634281668369421,0.31445765789998537
Altavista,2008,0.5021345482264159,0.05783383246990289,0.09048361240663728,0.5,0.3065630291103889,0.5634281668369421,0.32189876164550674
Altavista,2009,0.5021345482264159,0.05783383246990289,0.12281328926450445,0.5,0.3065630291103889,0.5634281668369421,0.3277768847105735
Altavista,2010,0.5021345482264159,0.05783383246990289,0.12936556952029235,0.5,0.3065630291103889,0.5634281668369421,0.32896820839344404
Altavista,2011,0.5021345482264159,0.05783383246990289,0.13163161108332624,0.5,0.3065630291103889,0.5634281668369421,0.32938021595035927
Altavista,2012,0.5021345482264159,0.05783383246990289,0.13338439673069497,0.5,0.3065630291103889,0.5634281668369421,0.32969890424988085
Altavista,2013,0.5021345482264159,0.05783383246990289,0.09504049391289886,0.5,0.3065630291103889,0.5634281668369421,0.3227272855557361
Altavista,2014,0.5021345482264159,0.05783383246990289,0.0948290211853131,0.5,0.3065630291103889,0.4942925440186837,0.310118722729219
Altavista,2015,0.5021345482264159,0.05783383246990289,0.10444074359288129,0.5,0.3065630291103889,0.32678756006661774,0.28141085699385576
Altavista,2016,0.5021345482264159,0.05783383246990289,0.09271390394268016,0.5,0.3065630291103889,0.3586122698704676,0.2850650152036101
Altavista,2017,0.5021345482264159,0.05783383246990289,0.09857851618937408,0.5,0.3065630291103889,0.369666918488148,0.28814124445167816
Altavista,2018,0.5021345482264159,0.05783383246990289,0.10254760216700298,0.5,0.3065630291103889,0.5163498429733275,0.31553251908127966
Altavista,2019,0.5021345482264159,0.05783383246990289,0.11002261705549499,0.5,0.3065630291103889,0.3413053879446865,0.28506534814670714
Altavista,2020,0.5021345482264159,0.05783383246990289,0.11002261705549499,0.5,0.3065630291103889,0.3413053879446865,0.28506534814670714
Altavista,2021,0.43944382169119645,0.05783383246990289,0.4799997786424773,0.5,0.3065630291103889,0.6650373799529794,0.3997959712485354
Altavista,2022,0.5191217511944115,0.05783383246990289,0.4799997786424773,0.5,0.3065630291103889,0.5565210304126265,0.39455262215087394
Altavista,2023,0.5564700164521518,0.05783383246990289,0.4799997786424773,0.5,0.3065630291103889,0.3819328668199212,0.36959991336269854
Altavista,2024,0.47302293011988605,0.05783383246990289,0.4799997786424773,0.5,0.3065630291103889,0.4700317694647707,0.37044569814680467
Aranjuez,2007,0.4720897605810764,0.10422648938337878,0.5805620757898141,0.5,0.6586041528529448,0.3794667949842959,0.44453623156209265
Aranjuez,2008,0.4720897605810764,0.10422648938337878,0.5495606636028606,0.5,0.6586041528529448,0.3794667949842959,0.4388996111644649
Aranjuez,2009,0.4720897605810764,0.10422648938337878,0.486644907829999,0.5,0.6586041528529448,0.3794667949842959,0.4274603828421263
Aranjuez,2010,0.4720897605810764,0.10422648938337878,0.49373106610937684,0.5,0.6586041528529448,0.3794667949842959,0.4287487752565587
Aranjuez,2011,0.5213585289679601,0.05944204368828938,0.4569676614986363,0.5,0.3576667368829153,0.3794667949842959,0.3681639574585631
Aranjuez,2012,0.546773018317793,0.08950535245801365,0.44788691186036855,0.5,0.5614240150059335,0.3794667949842959,0.4136465622957099
Aranjuez,2013,0.5377042267050662,0.09506351520780333,0.32101166814155896,0.5,0.4027529859643763,0.3794667949842959,0.3610907620005638
Aranjuez,2014,0.5352398956038232,0.08945512897015082,0.3053734127562847,0.5,0.38813653607549586,0.459507121288185,0.368674926307989
Aranjuez,2015,0.5471113674138426,0.03630441947944262,0.32100402222486796,0.5,0.3643095290621941,0.33544740318380273,0.3371230438843909
Aranjuez,2016,0.4660464786890436,0.08092365064010702,0.2956075380512701,0.5,0.357212722613311,0.4144419106355001,0.338951327387133
Aranjuez,2017,0.513336612367274,0.058183921732087106,0.2921506363719755,0.5,0.44406931132749294,0.39517423102347427,0.355075402331328
Aranjuez,2018,0.49118748877984436,0.10932387338076596,0.29785871346157455,0.5,0.3036425030952628,0.4211226385819856,0.3405700395089879
Aranjuez,2019,0.5312404941932015,0.06936192342276658,0.29247875220955505,0.5,0.3133579087591804,0.3925585748186897,0.3361813915278897
Aranjuez,2020,0.5204059012568162,0.06936192342276658,0.29247875220955505,0.5,0.3133579087591804,0.3925585748186897,0.33421146553945597
Aranjuez,2021,0.5999574573655058,0.0470824848299632,0.4750203558698708,0.5,0.25371062295373276,0.6472928866809158,0.41328432867272513
Aranjuez,2022,0.4869074158579896,0.0754531494189089,0.4695627772274185,0.5,0.20360807706951123,0.5917850762248472,0.37769390832703187
Aranjuez,2023,0.4734346253082654,0.08844726438283462,0.48179581655712717,0.5,0.29865596475810197,0.5317500076407145,0.3861970324812807
Aranjuez,2024,0.48929661822794723,0.08844726438283462,0.48179581655712717,0.5,0.2941749291595064,0.5609019867686209,0.3935666572901884
Belen,2007,0.4483148485181444,0.05783383246990289,0.5216299409014854,0.5,0.3065630291103889,0.1771111458195883,0.32026414487627447
Belen,2008,0.4483148485181444,0.05783383246990289,0.5059660026677102,0.5,0.3065630291103889,0.1771111458195883,0.3174161561064972
Belen,2009,0.4483148485181444,0.05783383246990289,0.49024609284093285,0.5,0.3065630291103889,0.1771111458195883,0.3145579906834468
Belen,2010,0.4483148485181444,0.05783383246990289,0.48253869387196735,0.5,0.3065630291103889,0.1771111458195883,0.3131566454163622
Belen,2011,0.4483148485181444,0.05783383246990289,0.47693226731171695,0.5,0.3065630291103889,0.1771111458195883,0.3121372951326803
Belen,2012,0.4483148485181444,0.05783383246990289,0.4690961899475751,0.5,0.3065630291103889,0.1771111458195883,0.3107125537937454
Belen,2013,0.4483148485181444,0.05783383246990289,0.3138653791139147,0.5,0.3065630291103889,0.1771111458195883,0.2824887700058071
Belen,2014,0.4483148485181444,0.05783383246990289,0.2942844640840681,0.5,0.3065630291103889,0.21392399620968858,0.2856218491622169
Belen,2015,0.4483148485181444,0.05783383246990289,0.311475628796389,0.5,0.3065630291103889,0.13281711999133103,0.27400081070657384
Belen,2016,0.4483148485181444,0.05783383246990289,0.2754870082978943,0.5,0.3065630291103889,0.23583879925024134,0.28618863957210394
Belen,2017,0.4483148485181444,0.05783383246990289,0.29961428122104344,0.5,0.3065630291103889,0.21571164464755818,0.2869159338121887
Belen,2018,0.4483148485181444,0.05783383246990289,0.284099060109475,0.5,0.3065630291103889,0.2573696845734127,0.2916691735966043
Belen,2019,0.4483148485181444,0.05783383246990289,0.27722418416996164,0.5,0.3065630291103889,0.21344313044556346,0.282432549947993
Belen,2021,0.4483148485181444,0.05783383246990289,0.5017161322723406,0.5,0.3065630291103889,0.4574306533337115,0.3676106355826342
Belen,2022,0.4483148485181444,0.05783383246990289,0.5017161322723406,0.5,0.3065630291103889,0.3918239368287039,0.35568214167263285
Belen,2023,0.4483148485181444,0.05783383246990289,0.5017161322723406,0.5,0.3065630291103889,0.2973572897093377,0.3385063876509299
Belen,2024,0.4483148485181444,0.05783383246990289,0.5017161322723406,0.5,0.3065630291103889,0.3197197886603462,0.34257229655111326
Belén,2010,0.3898865243366592,0.02207694472481976,0.31741132141948075,0.5,0.17748169542229486,0.4036049053648597,0.283720252957839
Belén,2011,0.442991071024186,0.019528072764943633,0.2833305937471674,0.5,0.12119264480565695,0.4036049053648597,0.27648132503760253
Belén,2012,0.43422995862931957,0.017806206640308436,0.28531694358375065,0.5,0.12127745953991126,0.4036049053648597,0.27495190431966354
Belén,2013,0.42909315513053503,0.011562613940592088,0.28480889480172117,0.5,0.1223880488727068,0.4036049053648597,0.2729922942018936
Belén,2014,0.4410876222962872,0.03636992384047867,0.28429127429228057,0.5,0.10875387038578663,0.4036049053648597,0.27711047203267136
Belén,2015,0.3328298249783456,0.06515191582653869,0.2826140475496806,0.5,0.10166416856751379,0.4036049053648597,0.2610663385976251
Belén,2016,0.408569718596207,0.01451030246509493,0.2827109966761334,0.5,0.13192158169752785,0.4036049053648597,0.2711486372363314
Belén,2017,0.35170120424455353,0.009497397534778327,0.29106993342050125,0.5,0.1793548054111105,0.4036049053648597,0.27004149926832793
Belén,2018,0.4095609114564162,0.016142161084462155,0.2822039137669421,0.5,0.0934298028246892,0.4036049053648597,0.26453485354497625
Belén,2019,0.38486101435997083,0.023246726110175857,0.2864933387227128,0.5,0.146311377469302,0.4036049053648597,0.2717304294594584
Belén,2020,0.45470470116211564,0.023246726110175857,0.2864933387227128,0.5,0.146311377469302,0.4036049053648597,0.28442928160530295
Belén,2021,0.4536422455327961,0.046657658293243046,0.2900131133030413,0.5,0.2578204616241795,0.4036049053648597,0.30940697893056723
Belén,2022,0.37897569556387944,0.034467609312535855,0.27832400721560063,0.5,0.12113687983159518,0.4036049053648597,0.26663801768881285
Belén,2023,0.3367991548449444,0.05908703811695157,0.2944288574108701,0.5,0.10781819348467196,0.4036049053648597,0.2639523907676905
Belén,2024,0.3589747563561999,0.05908703811695157,0.2944288574108701,0.5,0.1617296798010166,0.4036049053648597,0.2777864067363451
Buenos Aires,2007,0.3730445952954865,0.06513333687069592,0.5242576633558237,0.5,0.31900112663011704,0.3402177675611626,0.3403008163115065
Buenos Aires,2008,0.3730445952954865,0.06513333687069592,0.492730860860863,0.5,0.31900112663011704,0.3402177675611626,0.3345686704033319
Buenos Aires,2009,0.3730445952954865,0.06513333687069592,0.40192437956101074,0.5,0.31900112663011704,0.3402177675611626,0.3180584010760859
Buenos Aires,2010,0.3730445952954865,0.06513333687069592,0.396613982105737,0.5,0.31900112663011704,0.3402177675611626,0.31709287426603616
Buenos Aires,2011,0.42035283397378453,0.04690851858026858,0.35063970904563696,0.5,0.19237378524348092,0.3402177675611626,0.2909986571644243
Buenos Aires,2012,0.4159335011106813,0.03820728811167517,0.34677386628505136,0.5,0.20017129826011593,0.3402177675611626,0.28932794933248845
Buenos Aires,2013,0.42764796617520273,0.046446063806710784,0.23332780176671167,0.5,0.17661527409481256,0.3402177675611626,0.2680463406190183
Buenos Aires,2014,0.41019167820688435,0.08529517402089874,0.22762862769771758,0.5,0.26819445764264016,0.30659358477703536,0.28143700406275934
Buenos Aires,2015,0.5145809085990974,0.02839545988586995,0.2351878329985043,0.5,0.19927052881881363,0.258464754047388,0.2701635426090315
Buenos Aires,2016,0.40294276989698746,0.023835680101075913,0.2087658970272092,0.5,0.2179657237726593,0.31148275868368647,0.2572714235421124
Buenos Aires,2017,0.4420883558279289,0.043786802696166575,0.22369281687766976,0.5,0.26695939788388584,0.3047293261063745,0.2784103089803683
Buenos Aires,2018,0.4233549432464374,0.025463723822496148,0.21629616335941157,0.5,0.09414366802977314,0.28924944371068245,0.23609235312160015
Buenos Aires,2019,0.5007021779815574,0.05086037008280463,0.21104914422939267,0.5,0.20934029717337677,0.31978690144780114,0.2803161619845332
Buenos Aires,2020,0.4760004388050011,0.05086037008280463,0.21104914422939267,0.5,0.20934029717337677,0.31978690144780114,0.27582493667970476
Buenos Aires,2021,0.4989131021884011,0.05377669291888857,0.4784838690634722,0.5,0.1891531974433268,0.5406609366807515,0.36563414514451636
Buenos Aires,2022,0.5059029146150666,0.051168819648644163,0.47769004749870136,0.5,0.22514222301496709,0.5213222982626692,0.3693138732800088
Buenos Aires,2023,0.3882821790417864,0.07031155230500272,0.489946539306501,0.5,0.16229782968868828,0.48590512341957637,0.3357714952293736
Buenos Aires,2024,0.4700747214194424,0.07031155230500272,0.489946539306501,0.5,0.3065630291103889,0.4847044455653844,0.3766545977648581
Castilla,2007,0.3270876000163353,0.029347997142027175,0.5128151805338247,0.5,0.36949508596378056,0.41097995523871067,0.345404694344487
Castilla,2008,0.3270876000163353,0.029347997142027175,0.5026086128596099,0.5,0.36949508596378056,0.41097995523871067,0.343548954767357
Castilla,2009,0.3270876000163353,0.029347997142027175,0.43430268335259564,0.5,0.36949508596378056,0.41097995523871067,0.3311296948569908
Castilla,2010,0.3270876000163353,0.029347997142027175,0.42049933467473993,0.5,0.36949508596378056,0.41097995523871067,0.32861999509738066
Castilla,2011,0.36855572639254264,0.0362830958811028,0.38150120363890005,0.5,0.22464040147971998,0.41097995523871067,0.30399279684199565
Castilla,2012,0.36848196869627936,0.03931247107787781,0.3716678096731898,0.5,0.26356552539382266,0.41097995523871067,0.30981958728725095
Castilla,2013,0.3542496386171202,0.052977075450669486,0.24150248213877248,0.5,0.17743383232993948,0.41097995523871067,0.270389633413675
Castilla,2014,0.38061506782695276,0.030686721347880808,0.23244452764993198,0.5,0.21084308650812,0.3583880877814342,0.26599590747533086
Castilla,2015,0.4794767613200439,0.037422187011679806,0.2736989347887972,0.5,0.21675011913302525,0.2170559834246835,0.2680734519414963
Castilla,2016,0.404284916807118,0.030775142043895233,0.2156766942359368,0.5,0.10616431923377767,0.3775213328547815,0.25171316457736537
Castilla,2017,0.42579998254739376,0.03368347388056022,0.2427172403382932,0.5,0.2533471996172729,0.3551288028523539,0.28375939986106796
Castilla,2018,0.4838469625181376,0.04567117572461278,0.2300264038357889,0.5,0.2449496172276402,0.35655902370971404,0.2929187605483443
Castilla,2019,0.42506634307982716,0.03583271989334041,0.2131266146814914,0.5,0.16673716210464481,0.3205898110756099,0.2566095728790752
Castilla,2020,0.49032867393178226,0.03583271989334041,0.2131266146814914,0.5,0.16673716210464481,0.3205898110756099,0.2684754512157943
Castilla,2021,0.5315023541078672,0.03487597006510887,0.46271577029571115,0.5,0.12643413134872286,0.49678447471896037,0.34587503646115825
Castilla,2022,0.4396166835912181,0.02226368353088365,0.45802828492647935,0.5,0.11082798017685566,0.5750043348504326,0.337407448559249
Castilla,2023,0.4065751337018272,0.05072089155657765,0.46172497247670213,0.5,0.2791525659326393,0.4979809176736866,0.353846269334806
Castilla,2024,0.43994021524065974,0.05072089155657765,0.46172497247670213,0.5,0.18853752616342118,0.44080718016413356,0.3330419610184535
Corregimiento de Altavista,2010,0.40479561015259946,0.23721011517995125,0.33490177248339237,0.5,0.7424717944454092,0.4036049053648597,0.43145167229567494
Corregimiento de Altavista,2011,0.46411431390372837,0.44234169645298194,0.3116968311976871,0.5,0.8669690250653103,0.4036049053648597,0.4979503221790123
Corregimiento de Altavista,2012,0.48111932161778526,0.16695007534548656,0.3074358761057821,0.5,0.6975086406980104,0.4036049053648597,0.4193852398421681
Corregimiento de Altavista,2013,0.4653188103078854,0.09209936358757324,0.3025724553800457,0.5,0.7363844863817202,0.4036049053648597,0.4090872765494699
Corregimiento de Altavista,2014,0.4684087303842906,0.07709955158927694,0.2951262538200184,0.5,0.48860216711176346,0.4036049053648597,0.3605166560491289
Corregimiento de Altavista,2015,0.4786113127759886,0.13759629986146982,0.30372851023647846,0.5,0.5661752700550845,0.4036049053648597,0.38903932696252386
Corregimiento de Altavista,2016,0.4276354565052438,0.09543333940137792,0.30324763902214336,0.5,0.3568987239875626,0.4036049053648597,0.33396728441476137
Corregimiento de Altavista,2017,0.4587735481593681,0.11995948638719554,0.29901256667154696,0.5,0.35228846437278827,0.4036049053648597,0.342479812901047
Corregimiento de Altavista,2018,0.47039511926072786,0.1073362849236383,0.31193723495679315,0.5,0.4672713055218211,0.4036049053648597,0.3655536090959709
Corregimiento de Altavista,2019,0.4547156537499536,0.16178905672707927,0.29392016051346453,0.5,0.5187017483796422,0.4036049053648597,0.3786784590427272
Corregimiento de Altavista,2021,0.45816422947871926,0.18687382376712613,0.29946249260792385,0.5,0.4329133449048621,0.4036049053648597,0.36927614474972564
Corregimiento de Altavista,2022,0.43631103550408223,0.09728193807663377,0.2882636012809548,0.5,0.08998109420838246,0.4036049053648597,0.28462592262452957
Corregimiento de Altavista,2023,0.4725348847031181,0.09805740846290037,0.30606472777593524,0.5,0.33341406559923337,0.4036049053648597,0.33885018034655395
Corregimiento de Altavista,2024,0.4725348847031181,0.09805740846290037,0.30606472777593524,0.5,0.2802424966637347,0.4036049053648597,0.3291826223582815
Corregimiento de San Antonio de Prado,2010,0.37630974736894035,0.08976743016785518,0.3272707108224497,0.5,0.3234888061746524,0.4036049053648597,0.32189847270886496
Corregimiento de San Antonio de Prado,2011,0.4295825134975827,0.07614304496341878,0.30047202818424934,0.5,0.2662244851709881,0.4036049053648597,0.31382308676019977
Corregimiento de San Antonio de Prado,2012,0.43205286022716893,0.08052556021129699,0.2975934277289102,0.5,0.30360495326714004,0.4036049053648597,0.3213421285089774
Corregimiento de San Antonio de Prado,2013,0.4283292425849212,0.1184620706444668,0.30090385821931037,0.5,0.2677446516658492,0.4036049053648597,0.32164449608716494
Corregimiento de San Antonio de Prado,2014,0.43714474750399956,0.0687677811252284,0.29371259473601097,0.5,0.16981799587229265,0.4036049053648597,0.2950996408367984
Corregimiento de San Antonio de Prado,2015,0.4691717568252821,0.07113324414083044,0.2974225859699705,0.5,0.2569081989022831,0.4036049053648597,0.31786194385513195
Corregimiento de San Antonio de Prado,2016,0.4057765818136406,0.06665126900299806,0.29806356983418575,0.5,0.22468140099034262,0.4036049053648597,0.29977776854655036
Corregimiento de San Antonio de Prado,2017,0.43201217934321995,0.06928611686488938,0.29987739547239667,0.5,0.3273141071484221,0.4036049053648597,0.32401721894432506
Corregimiento de San Antonio de Prado,2018,0.4004862555079405,0.07325971178421398,0.29160781764922206,0.5,0.12535704625810534,0.4036049053648597,0.28078467937533486
Corregimiento de San Antonio de Prado,2019,0.4079559097865746,0.05862689331756771,0.28417703957447016,0.5,0.11861090447249867,0.4036049053648597,0.27690466409381287
Corregimiento de San Antonio de Prado,2021,0.4622428368946304,0.05714611812354974,0.2887104096016934,0.5,0.3553647097749423,0.4036049053648597,0.3303761781381228
Corregimiento de San Antonio de Prado,2022,0.4540328770428294,0.06732492872179588,0.28491597376556416,0.5,0.18390662439600905,0.4036049053648597,0.2988700562347378
Corregimiento de San Antonio de Prado,2023,0.4806246407918649,0.08636010231578495,0.29305964510732807,0.5,0.3010297918024792,0.4036049053648597,0.329941651887694
Corregimiento de San Antonio de Prado,2024,0.4806246407918649,0.08636010231578495,0.29305964510732807,0.5,0.25618177114805146,0.4036049053648597,0.32178746631416166
Corregimiento de San Cristóbal,2010,0.38292791702962253,0.07330965145769384,0.33572955609864646,0.5,0.3931217499279695,0.4036049053648597,0.3343079599779622
Corregimiento de San Cristóbal,2011,0.4517762554413371,0.18696031407556932,0.30629995261442616,0.5,0.6069042677882656,0.4036049053648597,0.4010083082335378
Corregimiento de San Cristóbal,2012,0.4635546412105215,0.08559186224141738,0.30577662239016784,0.5,0.49713053804118185,0.4036049053648597,0.3646651944087542
Corregimiento de San Cristóbal,2013,0.4656972925077196,0.04392008378121301,0.3017885463127531,0.5,0.4555659660735776,0.4036049053648597,0.3491957807345678
Corregimiento de San Cristóbal,2014,0.46152370265888076,0.06996158055760389,0.30238805368789456,0.5,0.4481537513440124,0.4036049053648597,0.35193308974786386
Corregimiento de San Cristóbal,2015,0.47527413432711124,0.04007964394780093,0.3044027358177886,0.5,0.42528378898215186,0.4036049053648597,0.3452082197163113
Corregimiento de San Cristóbal,2016,0.45535398118866083,0.060295783846474243,0.2983154673205215,0.5,0.3635451612830807,0.4036049053648597,0.33293005436429035
Corregimiento de San Cristóbal,2017,0.4766469602237883,0.052620445763799956,0.30076481040961367,0.5,0.39313821273682825,0.4036049053648597,0.3412318789997982
Corregimiento de San Cristóbal,2018,0.4689723898953384,0.05744123899658331,0.29772651510240566,0.5,0.4242182702353975,0.4036049053648597,0.34581151265356086
Corregimiento de San Cristóbal,2019,0.4598104807450029,0.052702390762854996,0.2928151536235731,0.5,0.3675257149029545,0.4036049053648597,0.3320833900725901
Corregimiento de San Cristóbal,2021,0.5006288951520833,0.06973636274652897,0.3013739431309043,0.5,0.4800335803599958,0.4036049053648597,0.36461412486443123
Corregimiento de San Cristóbal,2022,0.4730358301512752,0.0839531616406517,0.2906552080459336,0.5,0.316089626635669,0.4036049053648597,0.33042522397061624
Corregimiento de San Cristóbal,2023,0.49147784203720424,0.03919258847844605,0.28973847641929545,0.5,0.2865552038490149,0.4036049053648597,0.3201034574816037
Corregimiento de San Cristóbal,2024,0.49147784203720424,0.03919258847844605,0.28973847641929545,0.5,0.2631650100871235,0.4036049053648597,0.3158506949794417
Corregimiento de San Sebastián de Palmitas,2010,0.36633609264832817,0.12956500089552678,0.36883219279672275,0.5,0.3917996471919186,0.4036049053648597,0.34729778889042834
Corregimiento de San Sebastián de Palmitas,2011,0.508070081330116,0.3219122920871121,0.3311865902596364,0.5,0.9284119431568119,0.4036049053648597,0.4987610567633702
Corregimiento de San Sebastián de Palmitas,2012,0.46632172610194567,0.29610048768347674,0.3232017028697083,0.5,0.7892873625575683,0.4036049053648597,0.4597302153777379
Corregimiento de San Sebastián de Palmitas,2013,0.47993827466118666,0.35568170434369906,0.30981673782408975,0.5,0.864315550871265,0.4036049053648597,0.4842467587391091
Corregimiento de San Sebastián de Palmitas,2014,0.4505633008872951,0.2693209521516684,0.304192607755478,0.5,0.6972826188486555,0.4036049053648597,0.431811706365083
Corregimiento de San Sebastián de Palmitas,2015,0.5255571003553678,0.3658924312571528,0.32254332566056637,0.5,0.909519320932874,0.4036049053648597,0.5049303788310583
Corregimiento de San Sebastián de Palmitas,2016,0.4401709021342306,0.3594149380618926,0.31285684485789833,0.5,0.48288556639678126,0.4036049053648597,0.4088969376028478
Corregimiento de San Sebastián de Palmitas,2017,0.47564315096424714,0.3337765391370511,0.29911382231935973,0.5,0.38640426605090894,0.4036049053648597,0.3906441243338957
Corregimiento de San Sebastián de Palmitas,2018,0.4782943430342896,0.38128907290581443,0.30508908639184973,0.5,0.40085514000719585,0.4036049053648597,0.40347864503709263
Corregimiento de San Sebastián de Palmitas,2019,0.48734325308185994,0.38128907290581443,0.31264851392636384,0.5,0.46355104835112615,0.4036049053648597,0.41789759884182254
Corregimiento de San Sebastián de Palmitas,2021,0.5040490902669036,0.4320525822385538,0.3120791778831533,0.5,0.4348086228674336,0.4036049053648597,0.42483534156743713
Corregimiento de San Sebastián de Palmitas,2022,0.5084956401485174,0.3231309367508854,0.2985792727666417,0.5,0.3369365126041422,0.4036049053648597,0.38559041229728114
Corregimiento de San Sebastián de Palmitas,2023,0.548575589606136,0.3231309367508854,0.31607200687143416,0.5,0.3713656292419758,0.4036049053648597,0.4023180123336893
Corregimiento de San Sebastián de Palmitas,2024,0.548575589606136,0.3231309367508854,0.31607200687143416,0.5,0.5640084013056136,0.4036049053648597,0.43734397089071436
Corregimiento de Santa Elena,2010,0.36163243886682367,0.25488351667788256,0.32865338588262444,0.5,0.6415597705490667,0.4036049053648597,0.4073334576984104
Corregimiento de Santa Elena,2011,0.41951918016330225,0.4782166867261357,0.2888099623331106,0.5,0.35994898644592943,0.4036049053648597,0.4000181310969705
Corregimiento de Santa Elena,2012,0.47150782613358055,0.48998458448741355,0.3078784835270522,0.5,0.9999999999999998,0.4036049053648597,0.5314501453659829
Corregimiento de Santa Elena,2013,0.4660483815899378,0.3519025991596565,0.3072252251201864,0.5,0.8233978220829562,0.4036049053648597,0.47312344242138127
Corregimiento de Santa Elena,2014,0.4415418645208088,0.2702949013043632,0.2940025908289285,0.5,0.724115108925272,0.4036049053648597,0.4333744310807695
Corregimiento de Santa Elena,2015,0.482262546549703,0.32571464185139637,0.2934311419120214,0.5,0.539893755453194,0.4036049053648597,0.4172558165693045
Corregimiento de Santa Elena,2016,0.46272103682882615,0.4686795146908823,0.30970327230425104,0.5,0.5759405819265693,0.4036049053648597,0.44920896565734336
Corregimiento de Santa Elena,2017,0.43576467495660426,0.45441542552583425,0.30231213449176714,0.5,0.4766008315971789,0.4036049053648597,0.4223087221702262
Corregimiento de Santa Elena,2018,0.44585960650555095,0.5905927638087735,0.2886448570969854,0.5,0.5159139964151858,0.4036049053648597,0.45356656894388275
Corregimiento de Santa Elena,2019,0.4769637690958647,0.35651196775871574,0.2885149072625965,0.5,0.3768275268198032,0.4036049053648597,0.39134965023669815
Corregimiento de Santa Elena,2021,0.489994331887427,0.35721765244842196,0.29006834805761106,0.5,0.31042231420024574,0.4036049053648597,0.382055918537921
Corregimiento de Santa Elena,2022,0.49289420074557433,0.3372315185200291,0.2878445979443633,0.5,0.525474832956378,0.4036049053648597,0.41764546464203717
Corregimiento de Santa Elena,2023,0.5003757842707723,0.23401688679503613,0.31911223276268447,0.5,0.4100752160789448,0.4036049053648597,0.3849427318676904
Corregimiento de Santa Elena,2024,0.5003757842707723,0.23401688679503613,0.31911223276268447,0.5,0.22482390115491172,0.4036049053648597,0.35126067460877536
Doce de Octubre,2007,0.3848065554953675,0.08662282687408121,0.7295274950520743,0.5,0.43311768918752136,0.508323551313294,0.43498147598587966
Doce de Octubre,2008,0.3848065554953675,0.08662282687408121,0.6985588570631636,0.5,0.43311768918752136,0.508323551313294,0.42935081453335044
Doce de Octubre,2009,0.3848065554953675,0.08662282687408121,0.6124388787606715,0.5,0.43311768918752136,0.508323551313294,0.4136926366601701
Doce de Octubre,2010,0.3848065554953675,0.08662282687408121,0.62001292044307,0.5,0.43311768918752136,0.508323551313294,0.41506973514787887
Doce de Octubre,2011,0.4508496276560996,0.06534308036459237,0.5744864439343684,0.5,0.40300055631478976,0.508323551313294,0.4094551381060262
Doce de Octubre,2012,0.46608127875359784,0.04270227958731257,0.5606058994729545,0.5,0.34163589193423605,0.508323551313294,0.3944270729202536
Doce de Octubre,2013,0.46429193144200853,0.03894285315955477,0.39678356738529946,0.5,0.41996178880064533,0.508323551313294,0.37787339856378216
Doce de Octubre,2014,0.45758381061089826,0.03443085767934236,0.37254476071149206,0.5,0.37652348662081325,0.45466310865461806,0.35377200441402984
Doce de Octubre,2015,0.47748174607414207,0.02474434137131963,0.3786374352099338,0.5,0.41678220029242474,0.3736988452125222,0.34933537602915316
Doce de Octubre,2016,0.4374902721651801,0.043772374138525146,0.3321527959999714,0.5,0.24476994788014056,0.3914000040010624,0.30901552621543266
Doce de Octubre,2017,0.46218607545469026,0.04126211439236521,0.3561615064744874,0.5,0.32397959106234164,0.42859107961888915,0.33857824854595886
Doce de Octubre,2018,0.45601511377115456,0.04185230210131277,0.3768743964912605,0.5,0.37426408888629964,0.44814847107768097,0.35402806769594697
Doce de Octubre,2019,0.4649383632330548,0.046731599337836244,0.3289172010632436,0.5,0.2982402240212559,0.3862819966799853,0.32274716078825016
Doce de Octubre,2021,0.47486595451123303,0.02815257504792104,0.48237880266562205,0.5,0.30494361502058237,0.5257159125542983,0.3756467017817558
Doce de Octubre,2022,0.4963109692626002,0.04255741383349866,0.4775485645817795,0.5,0.3289184795393448,0.559427708740689,0.39177511562871137
Doce de Octubre,2023,0.5016078622675367,0.10129362402612446,0.48737618124038123,0.5,0.22333287311271585,0.5955384747868773,0.392572548260661
Doce de Octubre,2024,0.5016078622675367,0.10129362402612446,0.48737618124038123,0.5,0.2553760830772355,0.58747246506234,0.3969320392133851
Doce de octubre,2014,0.4500088195575642,0.05783383246990289,0.29417558267231164,0.5,0.3065630291103889,0.4036049053648597,0.32039748530455037
Doce de octubre,2015,0.5011931848831888,0.05783383246990289,0.29417558267231164,0.5,0.3065630291103889,0.4036049053648597,0.32970373354557303
Doce de octubre,2016,0.5476838098541437,0.05783383246990289,0.29417558267231164,0.5,0.3065630291103889,0.4036049053648597,0.338156574449383
Doce de octubre,2017,0.43178656804340537,0.05783383246990289,0.29417558267231164,0.5,0.3065630291103889,0.4036049053648597,0.31708434866561247
Doce de octubre,2018,0.4913466428118642,0.05783383246990289,0.29417558267231164,0.5,0.3065630291103889,0.4036049053648597,0.32791345316896864
Doce de octubre,2019,0.4837605310418075,0.05783383246990289,0.29417558267231164,0.5,0.3065630291103889,0.4036049053648597,0.3265341601198674
Doce de octubre,2020,0.5641908737360103,0.05783383246990289,0.29417558267231164,0.5,0.3065630291103889,0.4036049053648597,0.3411578587915406
Doce de octubre,2021,0.5576064814660268,0.05783383246990289,0.29417558267231164,0.5,0.3065630291103889,0.4036049053648597,0.33996069656063455
Doce de octubre,2022,0.4501995580354162,0.05783383246990289,0.29417558267231164,0.5,0.3065630291103889,0.4036049053648597,0.3204321650277962
Doce de octubre,2023,0.4170459703328144,0.05783383246990289,0.29417558267231164,0.5,0.3065630291103889,0.4036049053648597,0.31440423999095957
Doce de octubre,2024,0.4802439496314385,0.05783383246990289,0.29417558267231164,0.5,0.3065630291103889,0.4036049053648597,0.3258947816816185
El Poblado,2007,0.362277218148597,0.012199045245207547,0.27562543904543835,0.5,0.0621700424756552,0.021956037021582737,0.17895050580663288
El Poblado,2008,0.362277218148597,0.012199045245207547,0.31202035172290216,0.5,0.0621700424756552,0.021956037021582737,0.18556776265708083
El Poblado,2009,0.362277218148597,0.012199045245207547,0.24606298579108105,0.5,0.0621700424756552,0.021956037021582737,0.17357551430584064
El Poblado,2010,0.362277218148597,0.012199045245207547,0.25438672006914637,0.5,0.0621700424756552,0.021956037021582737,0.17508892053821615
El Poblado,2011,0.4100914842674709,0.012199045245207547,0.20998391070490882,0.5,0.006468684851273109,0.021956037021582737,0.16558166583462602
El Poblado,2012,0.3981615454583751,0.012199045245207547,0.20639696312944203,0.5,0.002893389074914773,0.021956037021582737,0.16211035998718584
El Poblado,2013,0.39174235306229915,0.00924039590368709,0.130012204883605,0.5,0.028269776721779463,0.021956037021582737,0.15113104865326427
El Poblado,2014,0.4028331691298015,0.009442655138092204,0.12842118835969688,0.5,0.02032415284751102,0.03665557784538377,0.15412304424008824
El Poblado,2015,0.40535960917294206,0.029813934578138565,0.14829785914732904,0.5,0.019840383045242462,0.015377919005234103,0.15794358271797931
El Poblado,2016,0.4058104386907502,0.026919003808408348,0.13116014062869616,0.5,0.02800725315580976,9.57821498184686e-05,0.153089566987906
El Poblado,2017,0.41484990672429833,0.014700293366310992,0.1307661365966213,0.5,0.012719255991105356,0.06254179879429787,0.16101407117684252
El Poblado,2018,0.4088313619191529,0.013056251282007329,0.1448778010899943,0.5,0.03034583915171887,0.048515555181228465,0.16284123793165486
El Poblado,2019,0.3934124099956809,0.014433998739751461,0.12084246836967531,0.5,0.0025162389036483884,0.006073970947071418,0.14314165217378683
El Poblado,2021,0.42257312386030405,0.016215511517546587,0.4638616201251228,0.5,0.06206603356858822,0.1395977101460845,0.24623890894866293
El Poblado,2022,0.43582004138354524,0.015048600481682325,0.46199559477849467,0.5,0.01965148989715959,0.07602526372207564,0.22882563459326502
El Poblado,2023,0.4150743469077372,0.015667653446170767,0.46197151690927807,0.5,0.04782107252784398,0.07375592394701937,0.2298710024978272
El Poblado,2024,0.4150743469077372,0.015667653446170767,0.46197151690927807,0.5,0.0,0.11706452073130486,0.22905055236263472
Guayabal,2007,0.25162241437796273,0.028654411961123456,0.2820448385295511,0.5,0.2111572875731851,0.30076308125787493,0.24077127885449043
Guayabal,2008,0.25162241437796273,0.028654411961123456,0.29626355627785206,0.5,0.2111572875731851,0.30076308125787493,0.2433565002632724
Guayabal,2009,0.25162241437796273,0.028654411961123456,0.25598992198440557,0.5,0.2111572875731851,0.30076308125787493,0.2360340213008276
Guayabal,2010,0.25162241437796273,0.028654411961123456,0.2566367207101958,0.5,0.2111572875731851,0.30076308125787493,0.23615162106915308
Guayabal,2011,0.34422134710859736,0.02540603453752981,0.22064067059076406,0.5,0.21940443048812572,0.30076308125787493,0.24735192072416215
Guayabal,2012,0.3245946811294478,0.050060914002941895,0.212274188206026,0.5,0.1999418359742174,0.30076308125787493,0.2432063091946378
Guayabal,2013,0.31557309598078925,0.030318013983931632,0.1495327225090903,0.5,0.20370354262585316,0.30076308125787493,0.2272528102468253
Guayabal,2014,0.29810791522651986,0.05972206578916084,0.14293198005468813,0.5,0.13867232698058912,0.2944177992588853,0.21524583405633513
Guayabal,2015,0.41755777297428986,0.04088878221815395,0.149727541949811,0.5,0.26434171763244274,0.21867146360851805,0.24385223243331194
Guayabal,2016,0.43252877233041226,0.04853826639955031,0.12251958126094378,0.5,0.2459431531828037,0.2852396981840174,0.2517762675195868
Guayabal,2017,0.437868709002704,0.03505780663081697,0.1449345441064064,0.5,0.2511940512284122,0.26889791575917477,0.25235509576863896
Guayabal,2018,0.49261373486582855,0.02805699903389665,0.142519703438522,0.5,0.10896275934122752,0.29616809286435636,0.23969477991706017
Guayabal,2019,0.44048290776895205,0.05670244128582201,0.1303614509975434,0.5,0.17696814162117314,0.26243518474392974,0.23944547753044007
Guayabal,2020,0.48017744593241596,0.05670244128582201,0.1303614509975434,0.5,0.17696814162117314,0.26243518474392974,0.2466626662874335
Guayabal,2021,0.5736422877322306,0.061816542431857746,0.4579111256704073,0.5,0.24835301154186162,0.502081310041083,0.38069168680317095
Guayabal,2022,0.46050325726973385,0.041853010427002575,0.4457964154806259,0.5,0.14312919909503946,0.4586060813962032,0.3272523570306554
Guayabal,2023,0.3752072914884439,0.08637642936720999,0.4574140379440162,0.5,0.12329554998326439,0.4355142554853068,0.31414682986695297
Guayabal,2024,0.40398502256768665,0.08637642936720999,0.4574140379440162,0.5,0.011725921746996385,0.4072687605172198,0.29395821311693254
La America,2007,0.4483148485181444,0.05783383246990289,0.28008467749393057,0.5,0.3065630291103889,0.1339262595130422,0.268495026746438
La America,2008,0.4483148485181444,0.05783383246990289,0.27945241488629813,0.5,0.3065630291103889,0.1339262595130422,0.2683800699086866
La America,2009,0.4483148485181444,0.05783383246990289,0.1937398250727008,0.5,0.3065630291103889,0.1339262595130422,0.25279596266985077
La America,2010,0.4483148485181444,0.05783383246990289,0.18754241592341783,0.5,0.3065630291103889,0.1339262595130422,0.2516691610063448
La America,2011,0.4483148485181444,0.05783383246990289,0.18394385693654072,0.5,0.3065630291103889,0.1339262595130422,0.2510148775541853
La America,2012,0.4483148485181444,0.05783383246990289,0.1773474856681014,0.5,0.3065630291103889,0.1339262595130422,0.24981553732355996
La America,2013,0.4483148485181444,0.05783383246990289,0.11750675778463884,0.5,0.3065630291103889,0.1339262595130422,0.2389354049811122
La America,2014,0.4483148485181444,0.05783383246990289,0.11904893843582218,0.5,0.3065630291103889,0.1590770379420791,0.24378867026842502
La America,2015,0.4483148485181444,0.05783383246990289,0.12733525705306228,0.5,0.3065630291103889,0.13000562500203225,0.24000956220973285
La America,2016,0.4483148485181444,0.05783383246990289,0.11255946715555164,0.5,0.3065630291103889,0.14770020550837779,0.24054025141133922
La America,2017,0.4483148485181444,0.05783383246990289,0.10487624921305469,0.5,0.3065630291103889,0.1467396587533435,0.2389686578299699
La America,2018,0.4483148485181444,0.05783383246990289,0.11850554943098282,0.5,0.3065630291103889,0.2942029749675463,0.2682582244539937
La America,2019,0.4483148485181444,0.05783383246990289,0.09886714898491965,0.5,0.3065630291103889,0.157186465050188,0.23977551347882614
La America,2021,0.4483148485181444,0.05783383246990289,0.53097632687334,0.5,0.3065630291103889,0.30885745838921935,0.34591736279290825
La America,2022,0.4483148485181444,0.05783383246990289,0.53097632687334,0.5,0.3065630291103889,0.2871760280030728,0.3419752845408816
La America,2023,0.4483148485181444,0.05783383246990289,0.53097632687334,0.5,0.3065630291103889,0.1859724735761588,0.3235746382814427
La America,2024,0.4483148485181444,0.05783383246990289,0.53097632687334,0.5,0.3065630291103889,0.25586395610874835,0.33628218056009535
La América,2010,0.2666920033316493,0.02169719209452197,0.3169465683717941,0.5,0.15143255106049186,0.4036049053648597,0.2564314945860576
La América,2011,0.3075701782370663,0.019735581825996565,0.2812770828834021,0.5,0.10849022605342451,0.4036049053648597,0.2492141771572271
La América,2012,0.2979228185937382,0.020700411358107282,0.2789419282905881,0.5,0.03133000909005766,0.4036049053648597,0.23318183139951837
La América,2013,0.314577123735176,0.028659826911027905,0.2827695632295826,0.5,0.06917081400672322,0.4036049053648597,0.24523313331770352
La América,2014,0.3059600337668723,0.029051389308748746,0.2779251848118304,0.5,0.10174135192882311,0.4036049053648597,0.24877870276020622
La América,2015,0.24882421751336312,0.05151527222459736,0.2814029805689344,0.5,0.05138656882579114,0.4036049053648597,0.23395162627228105
La América,2016,0.2783368338257243,0.019104425147290723,0.28268057054144896,0.5,0.06216214294821742,0.4036049053648597,0.23561615960500745
La América,2017,0.35421555045804975,0.010900182197287875,0.2825204659486876,0.5,0.10116518316449738,0.4036049053648597,0.2549829612969786
La América,2018,0.4056996157330528,0.024584204868769596,0.2867805764039607,0.5,0.09841219731277454,0.4036049053648597,0.2671057272151668
La América,2019,0.3520131952849339,0.018032742719457616,0.2784866929005021,0.5,0.05947722014176322,0.4036049053648597,0.24756631934754844
La América,2020,0.3203304559758653,0.018032742719457616,0.2784866929005021,0.5,0.05947722014176322,0.4036049053648597,0.24180582129135414
La América,2021,0.40903715689966563,0.022387517226255683,0.2815777288813276,0.5,0.10671586043822037,0.4036049053648597,0.2678769397836962
La América,2022,0.3468166974825396,0.022387517226255683,0.27901144540390505,0.5,0.014840670058281151,0.4036049053648597,0.23939295191560753
La América,2023,0.28910265635004867,0.021792293080660368,0.2873140675731852,0.5,0.02348337147023684,0.4036049053648597,0.23187223524345288
La América,2024,0.3162531364693488,0.021792293080660368,0.2873140675731852,0.5,0.07072051859320257,0.4036049053648597,0.2453972583784103
La Candelaria,2007,0.4294538628763947,0.02596318278207797,0.3526978609499465,0.5,0.21485074511907504,0.2137062657667685,0.27030398499895686
La Candelaria,2008,0.4294538628763947,0.02596318278207797,0.25513537499460737,0.5,0.21485074511907504,0.2137062657667685,0.2525653511888952
La Candelaria,2009,0.4294538628763947,0.02596318278207797,0.20845785329273697,0.5,0.21485074511907504,0.2137062657667685,0.24407852906128238
La Candelaria,2010,0.4294538628763947,0.02596318278207797,0.21143237973770482,0.5,0.21485074511907504,0.2137062657667685,0.24461935205127655
La Candelaria,2011,0.4938973706361818,0.026103555824851545,0.16630907430922864,0.5,0.15501498323140922,0.2137062657667685,0.23727840904880718
La Candelaria,2012,0.47554250979258744,0.019194766467551392,0.15818842224095322,0.5,0.1257449125182796,0.2137062657667685,0.22588670487020732
La Candelaria,2013,0.488695028654124,0.04325071870827103,0.1180081467536851,0.5,0.1788679280742139,0.2137062657667685,0.23500510690128407
La Candelaria,2014,0.4920988924101832,0.05242569911087466,0.09925032562904763,0.5,0.13746347797324251,0.24300864581112114,0.23168128016990347
La Candelaria,2015,0.46792573897103823,0.06455721303490464,0.11136862176889381,0.5,0.17949231338542843,0.2177838817422718,0.23475050343682488
La Candelaria,2016,0.48132916977657036,0.03677379815762563,0.10279825216367851,0.5,0.16661093384777606,0.24199394552388775,0.23263747263082515
La Candelaria,2017,0.4822167004929513,0.04172524401714982,0.11950061158816468,0.5,0.2577024440395656,0.2597582946629407,0.25652787178195857
La Candelaria,2018,0.4597865158786999,0.05061941303749226,0.11956546000064337,0.5,0.18643895602538976,0.2749973829094343,0.24389231415484722
La Candelaria,2019,0.5593706590888606,0.07023746534158713,0.11228309718325036,0.5,0.2191677421776372,0.3382296260298578,0.2816888345129442
La Candelaria,2020,0.5188943554907303,0.07023746534158713,0.11228309718325036,0.5,0.2191677421776372,0.3382296260298578,0.2743295065860114
La Candelaria,2021,0.5801089322333814,0.04960890161572701,0.5532237317729984,0.5,0.24851973861156118,0.5188682064964432,0.40005991104183847
La Candelaria,2022,0.5351993663184776,0.08707056213414034,0.5489932386187799,0.5,0.17130685815132746,0.4457149013099952,0.3705972593695855
La Candelaria,2023,0.416335608783054,0.044299115714798706,0.5500882477126859,0.5,0.12114766704761548,0.3425488109465006,0.31353080912811904
La Candelaria,2024,0.43058782126557393,0.044299115714798706,0.5500882477126859,0.5,0.21188956556242156,0.31978362022031825,0.32848152190469065
Laureles Estadio,2007,0.3714793768120229,0.011619081324693333,0.273061065093677,0.5,0.06227733489265087,0.06306137288657582,0.18754513291084
Laureles Estadio,2008,0.3714793768120229,0.011619081324693333,0.2759344343192671,0.5,0.06227733489265087,0.06306137288657582,0.1880675636791291
Laureles Estadio,2009,0.3714793768120229,0.011619081324693333,0.22983522585934565,0.5,0.06227733489265087,0.06306137288657582,0.17968588941368885
Laureles Estadio,2010,0.3714793768120229,0.011619081324693333,0.2298945516778869,0.5,0.06227733489265087,0.06306137288657582,0.17969667592615088
Laureles Estadio,2011,0.40969603794116843,0.013792299184797834,0.18965626864788887,0.5,0.0107525907640777,0.06306137288657582,0.17035610353172886
Laureles Estadio,2012,0.43001425296511253,0.010062354374378883,0.18549487666376388,0.5,0.043710984034041125,0.06306137288657582,0.17860797107706766
Laureles Estadio,2013,0.4139263503238697,0.010062354374378883,0.12424882467978157,0.5,0.04337410966869602,0.06306137288657582,0.16448600216969125
Laureles Estadio,2014,0.40895799884610057,0.013302016009624816,0.11684550568116538,0.5,0.04399831407876554,0.06268491030642705,0.16287068089492426
Laureles Estadio,2015,0.4163224388104597,0.027401798975459864,0.13198778687118962,0.5,0.04789297014687813,0.017330633561381203,0.16198829606643064
Laureles Estadio,2016,0.40877880066484734,0.013524195625921434,0.1249355025313521,0.5,0.061697982051726975,0.06189230801790721,0.1674234161621373
Laureles Estadio,2017,0.4359277816839947,0.020329197084082963,0.12595172490464313,0.5,0.029589772885694223,0.11098681294330141,0.1768700526366757
Laureles Estadio,2018,0.4348940064052708,0.016104986055017617,0.12475815021710664,0.5,0.047003143810414746,0.14677004581020187,0.18536915132691123
Laureles Estadio,2019,0.41723901780226547,0.009155652255990222,0.11296412162815557,0.5,0.030660761270014856,0.11095709882059016,0.1692684821412757
Laureles Estadio,2021,0.46072143668398147,0.021103167298954305,0.4594804770443194,0.5,0.10520184012348574,0.17447500640709324,0.2674512595559699
Laureles Estadio,2022,0.428439367967524,0.021103167298954305,0.4569922826969958,0.5,0.014382496740292728,0.24111543548657022,0.256733227307334
Laureles Estadio,2023,0.4280036349479486,0.02702325837145728,0.46418659258983025,0.5,0.0691251150377296,0.13607066607759016,0.24989259400446473
Laureles Estadio,2024,0.4280036349479486,0.02702325837145728,0.46418659258983025,0.5,0.04210516466524614,0.224025058354946,0.2609715834417142
Laureles—Estadio,2014,0.32225795887803754,0.05783383246990289,0.29417558267231164,0.5,0.3065630291103889,0.4036049053648597,0.297170056090091
Laureles—Estadio,2015,0.304042318274586,0.05783383246990289,0.29417558267231164,0.5,0.3065630291103889,0.4036049053648597,0.2938581214349181
Laureles—Estadio,2016,0.3143766411465975,0.05783383246990289,0.29417558267231164,0.5,0.3065630291103889,0.4036049053648597,0.29573708922982916
Laureles—Estadio,2017,0.3227630034924343,0.05783383246990289,0.29417558267231164,0.5,0.3065630291103889,0.4036049053648597,0.2972618823836177
Laureles—Estadio,2018,0.324884078623217,0.05783383246990289,0.29417558267231164,0.5,0.3065630291103889,0.4036049053648597,0.29764753240739633
Laureles—Estadio,2019,0.29128201818339766,0.05783383246990289,0.29417558267231164,0.5,0.3065630291103889,0.4036049053648597,0.2915380668728838
Laureles—Estadio,2020,0.30072131739084285,0.05783383246990289,0.29417558267231164,0.5,0.3065630291103889,0.4036049053648597,0.29325430309241923
Laureles—Estadio,2021,0.3461738779359095,0.05783383246990289,0.29417558267231164,0.5,0.3065630291103889,0.4036049053648597,0.3015184050097041
Laureles—Estadio,2022,0.21974173851754902,0.05783383246990289,0.29417558267231164,0.5,0.3065630291103889,0.4036049053648597,0.2785307432972749
Laureles—Estadio,2023,0.2754549134832422,0.05783383246990289,0.29417558267231164,0.5,0.3065630291103889,0.4036049053648597,0.28866041147285554
Laureles—Estadio,2024,0.28114066024479656,0.05783383246990289,0.29417558267231164,0.5,0.3065630291103889,0.4036049053648597,0.2896941836113199
Manrique,2007,0.447595909012543,0.20750392936706852,0.631492114473612,0.5,0.5685071722808789,0.5756329455855566,0.487405831039938
Manrique,2008,0.447595909012543,0.20750392936706852,0.6311430189985423,0.5,0.5685071722808789,0.5756329455855566,0.4873423591353799
Manrique,2009,0.447595909012543,0.20750392936706852,0.514498618356062,0.5,0.5685071722808789,0.5756329455855566,0.4661342862912925
Manrique,2010,0.447595909012543,0.20750392936706852,0.5246122360430933,0.5,0.5685071722808789,0.5756329455855566,0.46797312587075274
Manrique,2011,0.5210971431208525,0.28323488678413244,0.4944170770508412,0.5,0.5195959300362148,0.5756329455855566,0.4807232695595632
Manrique,2012,0.5174745083691284,0.21463101688636727,0.4754137884707939,0.5,0.627990726362483,0.5756329455855566,0.4838441792135144
Manrique,2013,0.5191669632606926,0.21864866400337585,0.3417398718071426,0.5,0.6393279103658407,0.5756329455855566,0.46263933727683787
Manrique,2014,0.5096291555624256,0.22929708207198957,0.32486434427843625,0.5,0.4259438006440603,0.46950791152402843,0.40168041710562546
Manrique,2015,0.5414767286217514,0.08259885107299078,0.3438741838175358,0.5,0.471449031602933,0.38364744383369553,0.3769174979907103
Manrique,2016,0.40671049325622044,0.21847955728908647,0.31557028695227757,0.5,0.4052946157327131,0.47275756995886187,0.3761477314889381
Manrique,2017,0.5146980386524604,0.14287297726677498,0.3307153663514222,0.5,0.5583084629912143,0.5442039930139325,0.42559978877741905
Manrique,2018,0.5235134854899508,0.14722882543298096,0.3422076847788138,0.5,0.5223979928338723,0.5251936063655407,0.4200984718002106
Manrique,2019,0.48707049138233427,0.10415204247704368,0.30870353805062706,0.5,0.4026014702738251,0.47581036867188287,0.3687887110646751
Manrique,2020,0.621010703977047,0.10415204247704368,0.30870353805062706,0.5,0.4026014702738251,0.47581036867188287,0.39314147699098645
Manrique,2021,0.6311406186021563,0.07869033740944718,0.4797236157831783,0.5,0.36578353037021966,0.7071869258570804,0.4568227323676512
Manrique,2022,0.4879455195914188,0.1923003715244403,0.4756997532430085,0.5,0.2883701408973694,0.6834328061149586,0.43231792570385374
Manrique,2023,0.4711452871625691,0.38746011782159717,0.49029131928911607,0.5,0.5303127988746226,0.616125139413859,0.4991517568294117
Manrique,2024,0.4879817563044767,0.38746011782159717,0.49029131928911607,0.5,0.37969332843005316,0.6621386541936207,0.48319366837070254
Palmitas,2007,0.4483148485181444,0.05783383246990289,0.03640070031420774,0.5,0.3065630291103889,0.6045177466089766,0.30975093764029465
Palmitas,2008,0.4483148485181444,0.05783383246990289,0.051325982592890985,0.5,0.3065630291103889,0.6045177466089766,0.31246462532732794
Palmitas,2009,0.4483148485181444,0.05783383246990289,0.02836723940707991,0.5,0.3065630291103889,0.6045177466089766,0.30829030838445326
Palmitas,2010,0.4483148485181444,0.05783383246990289,0.029436557493540228,0.5,0.3065630291103889,0.6045177466089766,0.30848472985471875
Palmitas,2011,0.4483148485181444,0.05783383246990289,0.02983656801754875,0.5,0.3065630291103889,0.6045177466089766,0.3085574590409021
Palmitas,2012,0.4483148485181444,0.05783383246990289,0.03021256278232958,0.5,0.3065630291103889,0.6045177466089766,0.3086258217254077
Palmitas,2013,0.4483148485181444,0.05783383246990289,0.02553432084068615,0.5,0.3065630291103889,0.6045177466089766,0.3077752322814726
Palmitas,2014,0.4483148485181444,0.05783383246990289,0.02550441862365144,0.5,0.3065630291103889,0.47796087845069773,0.28475945584959733
Palmitas,2015,0.4483148485181444,0.05783383246990289,0.0264425875795956,0.5,0.3065630291103889,0.22169679194950717,0.2383365617504616
Palmitas,2016,0.4483148485181444,0.05783383246990289,0.02711981267311603,0.5,0.3065630291103889,0.40423194437666127,0.271647903117857
Palmitas,2017,0.4483148485181444,0.05783383246990289,0.028530364806321186,0.5,0.3065630291103889,0.34034967126097004,0.26028940839376863
Palmitas,2018,0.4483148485181444,0.05783383246990289,0.026974065269566177,0.5,0.3065630291103889,0.3146470741553111,0.2553332453678752
Palmitas,2019,0.4483148485181444,0.05783383246990289,0.03021106348730363,0.5,0.3065630291103889,0.2268724418036221,0.23996276643442946
Palmitas,2021,0.4483148485181444,0.05783383246990289,0.49414926409518506,0.5,0.3065630291103889,0.5611973754665497,0.38510151812003107
Palmitas,2022,0.4483148485181444,0.05783383246990289,0.49414926409518506,0.5,0.3065630291103889,0.600762399702175,0.39229515889014477
Palmitas,2023,0.4483148485181444,0.05783383246990289,0.49414926409518506,0.5,0.3065630291103889,0.5714189921360496,0.386959993878122
Palmitas,2024,0.4483148485181444,0.05783383246990289,0.49414926409518506,0.5,0.3065630291103889,0.3966520722481911,0.3551841902621477
Poblado,2014,0.40716107062207135,0.05783383246990289,0.29417558267231164,0.5,0.3065630291103889,0.4036049053648597,0.3126069854980971
Poblado,2015,0.377869290093084,0.05783383246990289,0.29417558267231164,0.5,0.3065630291103889,0.4036049053648597,0.30728120722009944
Poblado,2016,0.34631204672375115,0.05783383246990289,0.29417558267231164,0.5,0.3065630291103889,0.4036049053648597,0.3015435266074935
Poblado,2017,0.3169869173774899,0.05783383246990289,0.29417558267231164,0.5,0.3065630291103889,0.4036049053648597,0.2962116849081733
Poblado,2018,0.3454012766420079,0.05783383246990289,0.29417558267231164,0.5,0.3065630291103889,0.4036049053648597,0.30137793204717656
Poblado,2019,0.3571567205687509,0.05783383246990289,0.29417558267231164,0.5,0.3065630291103889,0.4036049053648597,0.3035152854884025
Poblado,2020,0.35496691674696174,0.05783383246990289,0.29417558267231164,0.5,0.3065630291103889,0.4036049053648597,0.3031171393389863
Poblado,2021,0.3654693669566816,0.05783383246990289,0.29417558267231164,0.5,0.3065630291103889,0.4036049053648597,0.3050266757407536
Poblado,2022,0.3593228879503628,0.05783383246990289,0.29417558267231164,0.5,0.3065630291103889,0.4036049053648597,0.30390913410324105
Poblado,2023,0.32488304260989664,0.05783383246990289,0.29417558267231164,0.5,0.3065630291103889,0.4036049053648597,0.29764734404133814
Poblado,2024,0.2642427864140243,0.05783383246990289,0.29417558267231164,0.5,0.3065630291103889,0.4036049053648597,0.2866218429148159
Popular,2007,0.5142651789918864,0.22089434644394154,0.5676826622289102,0.5,0.7512040586208649,0.6834196778422673,0.5431756225687038
Popular,2008,0.5142651789918864,0.22089434644394154,0.5652384942732879,0.5,0.7512040586208649,0.6834196778422673,0.5427312283949542
Popular,2009,0.5142651789918864,0.22089434644394154,0.513221192517134,0.5,0.7512040586208649,0.6834196778422673,0.5332735371665627
Popular,2010,0.5142651789918864,0.22089434644394154,0.5123615804072764,0.5,0.7512040586208649,0.6834196778422673,0.5331172440556794
Popular,2011,0.619778595050414,0.23615911959467406,0.47905068065646333,0.5,0.5786366822806646,0.6834196778422673,0.5176445009862697
Popular,2012,0.5865566757513033,0.2146418835023719,0.459484755047131,0.5,0.7106475001134567,0.6834196778422673,0.528136453137551
Popular,2013,0.5816802615241765,0.2810952717510845,0.3417410660207585,0.5,0.6859476457261525,0.6834196778422673,0.5134334405208072
Popular,2014,0.5920282277125367,0.2518823461662337,0.32180194565453013,0.5,0.7167653427265728,0.5732299997044548,0.49194688399351416
Popular,2015,0.5047113359748936,0.1861243955729814,0.3292096920369859,0.5,0.3191395568786589,0.38839382487630936,0.35955978278905987
Popular,2016,0.5595129440827052,0.170485314113124,0.3136154373112867,0.5,0.5314317416929893,0.45974936267675676,0.41541723634124766
Popular,2017,0.5664029833892847,0.19172532630308206,0.3330888807448667,0.5,0.6295096294200266,0.5711568196228693,0.46216066172365994
Popular,2018,0.5078464700218455,0.13182634760985054,0.334210146433729,0.5,0.5613580895504529,0.5404044555645297,0.4228446380328013
Popular,2019,0.5992104385054466,0.13730041647126506,0.3028314082586891,0.5,0.507441061390328,0.5466555880359982,0.42607980230213216
Popular,2020,0.6130770973535324,0.13730041647126506,0.3028314082586891,0.5,0.507441061390328,0.5466555880359982,0.42860101300178416
Popular,2021,0.7173172576470703,0.13215279257314683,0.5066969104029972,0.5,0.5722543525654589,0.7787995883710107,0.5376765275563061
Popular,2022,0.5618682411766571,0.12182383663164778,0.49403628155642865,0.5,0.4042879903484403,0.7557542972518103,0.4705037539936334
Popular,2023,0.574772118056947,0.1758714185952414,0.5090723523829942,0.5,0.6281819605691945,0.6264591301730689,0.5026103599595356
Popular,2024,0.5441649190300455,0.1758714185952414,0.5090723523829942,0.5,0.4734974663921744,0.6497275353932779,0.4731515803261334
Robledo,2007,0.396245108669079,0.07040109213432666,0.6523527463200829,0.5,0.3332876224478509,0.44240988316105645,0.38994480958770833
Robledo,2008,0.396245108669079,0.07040109213432666,0.5907986580879475,0.5,0.3332876224478509,0.44240988316105645,0.3787531571818656
Robledo,2009,0.396245108669079,0.07040109213432666,0.5292427146111329,0.5,0.3332876224478509,0.44240988316105645,0.36756116745880835
Robledo,2010,0.396245108669079,0.07040109213432666,0.5274506129191405,0.5,0.3332876224478509,0.44240988316105645,0.36723533078753695
Robledo,2011,0.4451546274232966,0.11482629529158575,0.48832047647654,0.5,0.2665761486118381,0.44240988316105645,0.36496135108442124
Robledo,2012,0.46902736357219854,0.053037099322387204,0.4794532034934504,0.5,0.3669644591804492,0.44240988316105645,0.37470763795082573
Robledo,2013,0.4537060979920465,0.06805103176884386,0.3135841288504068,0.5,0.24781864306451856,0.44240988316105645,0.3228308699703404
Robledo,2014,0.4497696594159391,0.08577242042134514,0.3066389095635996,0.5,0.26829288986788447,0.40663887122301784,0.32129322736214294
Robledo,2015,0.5212471436827789,0.0354406950689943,0.3572872435051174,0.5,0.3299841537002342,0.28398274856432376,0.32326217900389975
Robledo,2016,0.4536296878749566,0.061709347953159854,0.30302130036700137,0.5,0.22462034838014516,0.35925373823427126,0.30040625869264254
Robledo,2017,0.4869205722971783,0.07358519489168955,0.33528530504727927,0.5,0.3278908266624254,0.34169962732562975,0.33006936840440043
Robledo,2018,0.4884648726188239,0.05881214346220806,0.32104156629818964,0.5,0.29726223650019923,0.3751185293073387,0.3255816996703199
Robledo,2019,0.4425496803517057,0.04291778030583161,0.2960565108425383,0.5,0.1986649526751766,0.30887956709161296,0.2798306347757937
Robledo,2020,0.5272770252924965,0.04291778030583161,0.2960565108425383,0.5,0.1986649526751766,0.30887956709161296,0.2952356065832102
Robledo,2021,0.5206029937937094,0.08232093157598377,0.4955226696938658,0.5,0.24034615171906049,0.5400384331624156,0.38706021453546086
Robledo,2022,0.4189799168856876,0.09100685765265554,0.4896146033214115,0.5,0.23636746930568345,0.5121954607305692,0.3633026014356377
Robledo,2023,0.4301095381989571,0.1192582338768888,0.5016970810799551,0.5,0.230317486214032,0.4888623458501521,0.36731721549454277
Robledo,2024,0.4277859061534108,0.1192582338768888,0.5016970810799551,0.5,0.28980027287709104,0.5065684642240567,0.3809290833111641
San Antonio de Prado,2007,0.4871492284723967,0.05783383246990289,0.2676229737345125,0.5,0.3065630291103889,0.4156534180546248,0.3245131785166956
San Antonio de Prado,2008,0.4871492284723967,0.05783383246990289,0.2910794724725888,0.5,0.3065630291103889,0.4156534180546248,0.3287779964690731
San Antonio de Prado,2009,0.4871492284723967,0.05783383246990289,0.2817177909632732,0.5,0.3065630291103889,0.4156534180546248,0.32707587255828846
San Antonio de Prado,2010,0.4871492284723967,0.05783383246990289,0.29314948977955924,0.5,0.3065630291103889,0.4156534180546248,0.32915436325215863
San Antonio de Prado,2011,0.4871492284723967,0.05783383246990289,0.30604013066773755,0.5,0.3065630291103889,0.4156534180546248,0.3314981161409183
San Antonio de Prado,2012,0.4871492284723967,0.05783383246990289,0.3173098385869056,0.5,0.3065630291103889,0.4156534180546248,0.33354715394440343
San Antonio de Prado,2013,0.4871492284723967,0.05783383246990289,0.23159346193001146,0.5,0.3065630291103889,0.4156534180546248,0.31796235818860447
San Antonio de Prado,2014,0.4871492284723967,0.05783383246990289,0.21825989138811688,0.5,0.3065630291103889,0.40475775101237443,0.3135570422642145
San Antonio de Prado,2015,0.4871492284723967,0.05783383246990289,0.26318518020745546,0.5,0.3065630291103889,0.28416129995600403,0.29979864913020876
San Antonio de Prado,2016,0.4871492284723967,0.05783383246990289,0.2420890222602079,0.5,0.3065630291103889,0.4445756104965951,0.3251292223289985
San Antonio de Prado,2017,0.4871492284723967,0.05783383246990289,0.2656428012652211,0.5,0.3065630291103889,0.4059154545084106,0.3223826083320582
San Antonio de Prado,2018,0.4871492284723967,0.05783383246990289,0.2744812433399906,0.5,0.3065630291103889,0.31976097028003336,0.3083251461223114
San Antonio de Prado,2019,0.4871492284723967,0.05783383246990289,0.279610811326596,0.5,0.3065630291103889,0.3168203296619922,0.30872313291659575
San Antonio de Prado,2020,0.4871492284723967,0.05783383246990289,0.279610811326596,0.5,0.3065630291103889,0.3168203296619922,0.30872313291659575
San Antonio de Prado,2021,0.39315867979637237,0.05783383246990289,0.47889301944357626,0.5,0.3065630291103889,0.4937766410961578,0.36004094580298146
San Antonio de Prado,2022,0.4367466130464238,0.05783383246990289,0.47889301944357626,0.5,0.3065630291103889,0.5966743857434629,0.3866747054206826
San Antonio de Prado,2023,0.4363073931976261,0.05783383246990289,0.47889301944357626,0.5,0.3065630291103889,0.4202678422207281,0.3545209302622222
San Antonio de Prado,2024,0.43823689865250165,0.05783383246990289,0.47889301944357626,0.5,0.3065630291103889,0.46397586180272365,0.3628186620871079
San Cristobal,2007,0.4483148485181444,0.05783383246990289,0.13275621416826233,0.5,0.3065630291103889,0.5074404205592818,0.30961969905926917
San Cristobal,2008,0.4483148485181444,0.05783383246990289,0.1423544086847215,0.5,0.3065630291103889,0.5074404205592818,0.311364825334989
San Cristobal,2009,0.4483148485181444,0.05783383246990289,0.22881984467169478,0.5,0.3065630291103889,0.5074404205592818,0.32708581369625683
San Cristobal,2010,0.4483148485181444,0.05783383246990289,0.24558242649462353,0.5,0.3065630291103889,0.5074404205592818,0.3301335558458803
San Cristobal,2011,0.4483148485181444,0.05783383246990289,0.2542513653717761,0.5,0.3065630291103889,0.5074404205592818,0.3317097265508171
San Cristobal,2012,0.4483148485181444,0.05783383246990289,0.2650339359404074,0.5,0.3065630291103889,0.5074404205592818,0.3336701939269319
San Cristobal,2013,0.4483148485181444,0.05783383246990289,0.19044093375580812,0.5,0.3065630291103889,0.5074404205592818,0.3201078298933684
San Cristobal,2014,0.4483148485181444,0.05783383246990289,0.19596476943711957,0.5,0.3065630291103889,0.4551739300972979,0.3116091653877916
San Cristobal,2015,0.4483148485181444,0.05783383246990289,0.192272282922658,0.5,0.3065630291103889,0.38406031365457427,0.29800805575921246
San Cristobal,2016,0.4483148485181444,0.05783383246990289,0.20022911131782073,0.5,0.3065630291103889,0.49743301380057237,0.32006797003942355
San Cristobal,2017,0.4483148485181444,0.05783383246990289,0.21099938139217986,0.5,0.3065630291103889,0.41702627515378055,0.3074067939353448
San Cristobal,2018,0.4483148485181444,0.05783383246990289,0.23476455104982147,0.5,0.3065630291103889,0.420889232136029,0.31243008968805214
San Cristobal,2019,0.4483148485181444,0.05783383246990289,0.2438864913242664,0.5,0.3065630291103889,0.4191956865073977,0.3137807068963819
San Cristobal,2021,0.4483148485181444,0.05783383246990289,0.5018213296764334,0.5,0.3065630291103889,0.7454727969091046,0.420001061215268
San Cristobal,2022,0.4483148485181444,0.05783383246990289,0.5018213296764334,0.5,0.3065630291103889,0.6287392789650006,0.398776785225431
San Cristobal,2023,0.4483148485181444,0.05783383246990289,0.5018213296764334,0.5,0.3065630291103889,0.5358984751396096,0.3818966390753599
San Cristobal,2024,0.4483148485181444,0.05783383246990289,0.5018213296764334,0.5,0.3065630291103889,0.5156980075859423,0.37822382679287486
San Cristóbal,2020,0.5127159551333231,0.05783383246990289,0.29417558267231164,0.5,0.3065630291103889,0.4036049053648597,0.3317987826819611
San Cristóbal,2021,0.4335546920698494,0.05783383246990289,0.29417558267231164,0.5,0.3065630291103889,0.4036049053648597,0.31740582576132953
San Cristóbal,2022,0.500823613772143,0.05783383246990289,0.29417558267231164,0.5,0.3065630291103889,0.4036049053648597,0.32963653879811017
San Cristóbal,2023,0.5074543177874251,0.05783383246990289,0.29417558267231164,0.5,0.3065630291103889,0.4036049053648597,0.3308421213463433
San Cristóbal,2024,0.4906097123839055,0.05783383246990289,0.29417558267231164,0.5,0.3065630291103889,0.4036049053648597,0.3277794658184306
San Javier,2007,0.38714420524649873,0.12577975417336817,0.5318455213617433,0.5,0.5192086487283543,0.47135873551970514,0.41551579364175806
San Javier,2008,0.38714420524649873,0.12577975417336817,0.5983591536073106,0.5,0.5192086487283543,0.47135873551970514,0.4276091813227703
San Javier,2009,0.38714420524649873,0.12577975417336817,0.4842241466417758,0.5,0.5192086487283543,0.47135873551970514,0.40685736187449123
San Javier,2010,0.38714420524649873,0.12577975417336817,0.47958523484353394,0.5,0.5192086487283543,0.47135873551970514,0.4060139233657201
San Javier,2011,0.4519383541517278,0.10547076232884484,0.4457352609934408,0.5,0.41228628523555816,0.47135873551970514,0.38850716331441393
San Javier,2012,0.45126133701869553,0.06445457517870111,0.44145860429992273,0.5,0.4653394733709118,0.47135873551970514,0.3897950409796248
San Javier,2013,0.44084240671674757,0.11273401961613493,0.28353897567675074,0.5,0.36462848398998116,0.47135873551970514,0.34965502209442173
San Javier,2014,0.4615820094839299,0.08579970438036266,0.29276405225660984,0.5,0.3595687063181325,0.4890936909333225,0.3525105751586104
San Javier,2015,0.5045586461793528,0.045158240076110745,0.3175628435815195,0.5,0.40984814428725785,0.3797856301915293,0.34671154623923095
San Javier,2016,0.5440028777871837,0.08524445815303594,0.27744491273177707,0.5,0.35920050118234115,0.40742520571761753,0.34969417374035555
San Javier,2017,0.45890332592247973,0.060301201987201715,0.30613841049301793,0.5,0.3021960470128265,0.3662681887664597,0.3170558498512701
San Javier,2018,0.5164597439594503,0.083207584946901,0.3023804952204415,0.5,0.2874797391608584,0.41220334173390566,0.3366783463675558
San Javier,2019,0.5220489396798035,0.06864981970697884,0.29692824860061684,0.5,0.2782761788296171,0.40942580639882203,0.3318779987665161
San Javier,2020,0.5034015193054024,0.06864981970697884,0.29692824860061684,0.5,0.2782761788296171,0.40942580639882203,0.32848755869844315
San Javier,2021,0.6085911102202085,0.06965477495309957,0.5171474645333232,0.5,0.42093346957227407,0.6706117491643424,0.4612615578987722
San Javier,2022,0.5535117092912657,0.07290973077091085,0.5101620320917827,0.5,0.2828720610815083,0.5593930531430721,0.40524519752337085
San Javier,2023,0.49890839160982975,0.19446886424773063,0.5233062050443945,0.5,0.2855572267301957,0.5567115968216115,0.41980950626432034
San Javier,2024,0.49242467212645236,0.19446886424773063,0.5233062050443945,0.5,0.24100013437398812,0.4930261436666763,0.3989501853562258
San Sebastián De Palmitas,2020,0.3966524156385997,0.05783383246990289,0.29417558267231164,0.5,0.3065630291103889,0.4036049053648597,0.31069632095564775
San Sebastián De Palmitas,2021,0.4513687807591559,0.05783383246990289,0.29417558267231164,0.5,0.3065630291103889,0.4036049053648597,0.3206447509775671
San Sebastián De Palmitas,2022,0.4387545391884604,0.05783383246990289,0.29417558267231164,0.5,0.3065630291103889,0.4036049053648597,0.31835125251016794
San Sebastián De Palmitas,2023,0.5166476108595474,0.05783383246990289,0.29417558267231164,0.5,0.3065630291103889,0.4036049053648597,0.33251362917763827
San Sebastián De Palmitas,2024,0.5145431905861593,0.05783383246990289,0.29417558267231164,0.5,0.3065630291103889,0.4036049053648597,0.3321310073097495
Santa Cruz,2007,0.49432901272057334,0.16456175356958325,0.4401773778950409,0.5,0.7703784072350081,0.5931847304793658,0.49320568761810385
Santa Cruz,2008,0.49432901272057334,0.16456175356958325,0.46972692077132744,0.5,0.7703784072350081,0.5931847304793658,0.49857833177742866
Santa Cruz,2009,0.49432901272057334,0.16456175356958325,0.43417696640685416,0.5,0.7703784072350081,0.5931847304793658,0.4921147037111608
Santa Cruz,2010,0.49432901272057334,0.16456175356958325,0.416944952882753,0.5,0.7703784072350081,0.5931847304793658,0.48898161034314247
Santa Cruz,2011,0.5433628907202678,0.20296704395306348,0.3728096297617379,0.5,0.5098112559303102,0.5931847304793658,0.449479191062681
Santa Cruz,2012,0.546656770234156,0.14550540271583484,0.36888466685280885,0.5,0.6052011853891941,0.5931847304793658,0.4562605010311563
Santa Cruz,2013,0.5470666908006505,0.14663237282240382,0.2677465345182253,0.5,0.570900652588759,0.5931847304793658,0.43191472385625534
Santa Cruz,2014,0.5565984585153255,0.11683260083836322,0.2647314413624192,0.5,0.5286377277440688,0.5743754064554175,0.41657738816647166
Santa Cruz,2015,0.524350298151026,0.11897484131763318,0.2700165978932432,0.5,0.40444742171797443,0.37960221967128893,0.3540711597729392
Santa Cruz,2016,0.5009782938889071,0.1569557981392839,0.2593245451940866,0.5,0.5221518045996012,0.49787845930485175,0.39768889111395106
Santa Cruz,2017,0.5612044321122256,0.09313230438206348,0.24769221737633204,0.5,0.5693266022495941,0.5271449452567385,0.40881827297762796
Santa Cruz,2018,0.49794582252008324,0.09124699957220798,0.26206275137247087,0.5,0.5081614473327245,0.43640657961498247,0.3719679273477217
Santa Cruz,2019,0.47511569909766194,0.06658950587072747,0.24799845204869067,0.5,0.3757239623027916,0.4671490714708511,0.3422866710528587
Santa Cruz,2020,0.547506896029184,0.06658950587072747,0.24799845204869067,0.5,0.3757239623027916,0.4671490714708511,0.35544870685859
Santa Cruz,2021,0.6129861363759248,0.09535937523526461,0.48752420567367327,0.5,0.48950151905339095,0.7647532354793584,0.49093172214865677
Santa Cruz,2022,0.5477087080359917,0.13657903750157707,0.4734230456440222,0.5,0.2514871887993014,0.7270859056481682,0.4338697973871019
Santa Cruz,2023,0.4605210788959605,0.5119567590004218,0.48225156806006536,0.5,0.5522134470417919,0.5910488778431281,0.5178166783347941
Santa Cruz,2024,0.5607487185115125,0.5119567590004218,0.48225156806006536,0.5,0.35042702382661595,0.5972712404086632,0.5004827836013235
Santa Elena,2007,0.5177790306532465,0.05783383246990289,0.04588457808600798,0.5,0.3065630291103889,0.48326212546019753,0.3020586537781353
Santa Elena,2008,0.5177790306532465,0.05783383246990289,0.05016703291333176,0.5,0.3065630291103889,0.48326212546019753,0.30283728192855774
Santa Elena,2009,0.5177790306532465,0.05783383246990289,0.061646676650515105,0.5,0.3065630291103889,0.48326212546019753,0.30492448988077286
Santa Elena,2010,0.5177790306532465,0.05783383246990289,0.06572058571958779,0.5,0.3065630291103889,0.48326212546019753,0.3056652006206043
Santa Elena,2011,0.5177790306532465,0.05783383246990289,0.06472945025392532,0.5,0.3065630291103889,0.48326212546019753,0.305484994172302
Santa Elena,2012,0.5177790306532465,0.05783383246990289,0.06741333750358705,0.5,0.3065630291103889,0.48326212546019753,0.3059729736722405
Santa Elena,2013,0.5177790306532465,0.05783383246990289,0.0533220395311777,0.5,0.3065630291103889,0.48326212546019753,0.3034109194954388
Santa Elena,2014,0.5177790306532465,0.05783383246990289,0.05058340295750091,0.5,0.3065630291103889,0.395658312441447,0.2869850195695429
Santa Elena,2015,0.5177790306532465,0.05783383246990289,0.056396820330141095,0.5,0.3065630291103889,0.3128120812778187,0.2729790534257269
Santa Elena,2016,0.5177790306532465,0.05783383246990289,0.056035048434770016,0.5,0.3065630291103889,0.42004526914146195,0.2924102199654128
Santa Elena,2017,0.5177790306532465,0.05783383246990289,0.05525372777694331,0.5,0.3065630291103889,0.342724467703412,0.2782098341297988
Santa Elena,2018,0.5177790306532465,0.05783383246990289,0.056204801952400504,0.5,0.3065630291103889,0.36227808104991566,0.2819379591337917
Santa Elena,2019,0.5177790306532465,0.05783383246990289,0.055821089243691495,0.5,0.3065630291103889,0.3829395726209145,0.28562482801784445
Santa Elena,2020,0.5177790306532465,0.05783383246990289,0.055821089243691495,0.5,0.3065630291103889,0.3829395726209145,0.28562482801784445
Santa Elena,2021,0.4830591289968503,0.05783383246990289,0.4446936789037627,0.5,0.3065630291103889,0.5729426984233976,0.38456224870987316
Santa Elena,2022,0.428113740018512,0.05783383246990289,0.4446936789037627,0.5,0.3065630291103889,0.578256591375176,0.3755383403414077
Santa Elena,2023,0.5153537730337296,0.05783383246990289,0.4446936789037627,0.5,0.3065630291103889,0.6324648560314818,0.401256212645321
Santa Elena,2024,0.5429411867384129,0.05783383246990289,0.4446936789037627,0.5,0.3065630291103889,0.44844562090035234,0.3728140632950581
Villa Hermosa,2007,0.4267066398687238,0.19572511611928797,0.4950926154587633,0.5,0.5306704212311016,0.486190474291907,0.4335245939945061
Villa Hermosa,2008,0.4267066398687238,0.19572511611928797,0.46704116134669743,0.5,0.5306704212311016,0.486190474291907,0.42842432961049415
Villa Hermosa,2009,0.4267066398687238,0.19572511611928797,0.4878646851457856,0.5,0.5306704212311016,0.486190474291907,0.432210424846692
Villa Hermosa,2010,0.4267066398687238,0.19572511611928797,0.48213950515480203,0.5,0.5306704212311016,0.486190474291907,0.43116948303014957
Villa Hermosa,2011,0.5089594142883964,0.22627503687344577,0.4475280238210176,0.5,0.5285310330837527,0.486190474291907,0.44499708770154894
Villa Hermosa,2012,0.49653706714850676,0.1430486942666026,0.4359196504191677,0.5,0.5447222280185049,0.486190474291907,0.42843965711721615
Villa Hermosa,2013,0.473408628143121,0.23013392487718753,0.3022977431630532,0.5,0.4138227959222998,0.486190474291907,0.3919733757086488
Villa Hermosa,2014,0.4849356613754724,0.11890654218590116,0.2831910722336503,0.5,0.3997279474903109,0.5116206788099797,0.372433073108239
Villa Hermosa,2015,0.4666596020048301,0.08346412604751827,0.3129777445690642,0.5,0.36958232352431863,0.3688730235623133,0.3366466944923717
Villa Hermosa,2016,0.4792563555985795,0.17461389873124614,0.2865543818903581,0.5,0.49614019904229006,0.4470855058072996,0.38793642564904973
Villa Hermosa,2017,0.5276264252999228,0.1714928142857855,0.3095526866658493,0.5,0.4584692638722254,0.4373969060573236,0.3917341993056558
Villa Hermosa,2018,0.4760355758689932,0.07368888275165968,0.2965672590837797,0.5,0.35379159932534615,0.4202502672544933,0.3400606516880495
Villa Hermosa,2019,0.5180207554015546,0.16078013550255593,0.28950905895737483,0.5,0.39436309754881466,0.4265542079243588,0.37076859187902883
Villa Hermosa,2020,0.593178187332326,0.16078013550255593,0.28950905895737483,0.5,0.39436309754881466,0.4265542079243588,0.3844335795028055
Villa Hermosa,2021,0.57792516639906,0.06940076515227035,0.4902881352972252,0.5,0.36727101020402503,0.742676925449538,0.4541021822731125
Villa Hermosa,2022,0.5338366041361952,0.05327945425537285,0.48750548412600186,0.5,0.3000535605060742,0.6257546566913932,0.40916904722091585
Villa Hermosa,2023,0.5080303655789176,0.3892064628676027,0.4983659421448112,0.5,0.3499158297396708,0.5381083015676411,0.46065943670884424
Villa Hermosa,2024,0.5301806226630175,0.3892064628676027,0.4983659421448112,0.5,0.3913359356359996,0.5539596457974616,0.47509974711070774
