idx_desempleo,idx_habitat,idx_educacion,idx_riesgo_clima,idx_pobreza,idx_tejido_social,año_normalizado,Comuna,Año
0.008284119,-0.011571484,-0.036026847,0.0,-0.009867631,0.032242462,0.0006076365,Altavista,2007
0.0034823194,0.01097489,0.035849746,0.0,0.059831686,-0.0036530558,0.0015266974,Aranjuez,2007
-0.0028396382,-0.007346831,0.03486922,0.0,-0.0067013092,-0.033302687,0.00028660375,Belen,2007
-0.009412373,-0.006709896,0.034111954,0.0,-0.00094866956,-0.008139477,0.00027280403,Buenos Aires,2007
-0.016719708,-0.016985381,0.02737021,0.0,0.020554053,-0.0034534424,0.0004311899,Castilla,2007
-0.0038798284,0.011400418,0.045214057,0.0,0.028276145,0.013905941,0.0015913965,Doce de Octubre,2007
-0.012964542,-0.0210141,-0.00983693,0.0,-0.057224434,-0.055013567,0.0006298159,El Poblado,2007
-0.02391959,-0.016209256,-0.0077496865,0.0,-0.028610252,-0.016880186,0.0007146231,Guayabal,2007
-0.003265457,-0.008015089,-0.008067272,0.0,-0.0085911555,-0.032130823,0.00033281257,La America,2007
-0.0023094243,-0.016862156,0.010103743,0.0,-0.02773296,-0.02522032,0.00058692787,La Candelaria,2007
-0.011585424,-0.020445062,-0.009446819,0.0,-0.05536482,-0.05083925,0.0005919361,Laureles Estadio,2007
-0.0009621086,0.029524917,0.03808244,0.0,0.049895607,0.03627543,0.0010784711,Manrique,2007
-0.0018555499,-0.012271138,-0.036553986,0.0,-0.009985061,0.03634995,0.00072070863,Palmitas,2007
0.0085600745,0.041250594,0.034792837,0.0,0.07643553,0.04591252,0.0019820952,Popular,2007
-0.0048241215,-0.002522838,0.048316926,0.0,0.011947134,0.0022472765,0.0011320143,Robledo,2007
0.009530614,-0.008221852,-0.008976406,0.0,-0.0072397413,0.006785964,0.00038100628,San Antonio de Prado,2007
-0.0010973699,-0.008951521,-0.026556175,0.0,-0.007245549,0.025620911,0.00021741044,San Cristobal,2007
-0.005671076,0.013529231,0.034255687,0.0,0.040314313,0.0024182473,0.0010188485,San Javier,2007
0.0067979777,0.026529336,0.022484068,0.0,0.073302515,0.031443276,0.0010357923,Santa Cruz,2007
0.008094218,-0.009208768,-0.036549468,0.0,-0.007952683,0.015377341,0.00064019725,Santa Elena,2007
-0.0023804803,0.02464231,0.024828656,0.0,0.04351914,0.0070292475,0.00095316616,Villa Hermosa,2007
0.008586766,-0.011574727,-0.031788975,0.0,-0.009739021,0.033136982,0.00033668822,Altavista,2008
0.0034738865,0.010746579,0.032258853,0.0,0.059764996,-0.0037791722,0.0011989969,Aranjuez,2008
-0.00287316,-0.0073490236,0.03460099,0.0,-0.0067361337,-0.033397026,0.00031862134,Belen,2008
-0.009211497,-0.0067212316,0.031406943,0.0,-0.0009222961,-0.007917407,0.00030482165,Buenos Aires,2008
-0.016714709,-0.016978214,0.027476087,0.0,0.020606074,-0.0034225443,0.00045412578,Castilla,2008
-0.003964659,0.0113534685,0.04441164,0.0,0.02829937,0.013902416,0.0011247933,Doce de Octubre,2008
-0.012878999,-0.021407109,0.007191614,0.0,-0.054010406,-0.057132967,0.00024276381,El Poblado,2008
-0.025234384,-0.016693223,0.002962432,0.0,-0.028219849,-0.019270847,0.00049214205,Guayabal,2008
-0.0032604567,-0.0080158515,-0.0080514485,0.0,-0.008588216,-0.03213347,0.00031246338,La America,2008
-0.0033703544,-0.016153974,-0.0104203615,0.0,-0.027913406,-0.024465103,0.0005602344,La Candelaria,2008
-0.011580424,-0.020445824,-0.009423557,0.0,-0.0553739,-0.0508253,0.00055956846,Laureles Estadio,2008
-0.0009571084,0.029571867,0.037741333,0.0,0.04991883,0.036272783,0.0007057677,Manrique,2008
-0.0018505496,-0.012271901,-0.035727795,0.0,-0.009967349,0.036819234,0.00070035947,Palmitas,2008
0.008565075,0.041297544,0.034590635,0.0,0.07645875,0.04590987,0.0017482949,Popular,2008
-0.006189488,-0.0025654598,0.043083824,0.0,0.011905188,0.0022444509,0.0006654114,Robledo,2008
0.009106392,-0.008688519,-0.002131938,0.0,-0.0069635366,0.003841713,0.0003610043,San Antonio de Prado,2008
-0.0010923697,-0.008952283,-0.026540354,0.0,-0.0072426107,0.02561826,0.00019706125,San Cristobal,2008
-0.0050579607,0.013704755,0.03859039,0.0,0.040486485,0.002807115,0.0011401443,San Javier,2008
0.006902441,0.025793754,0.025235737,0.0,0.072691336,0.031579345,0.0010169683,Santa Cruz,2008
0.008099218,-0.00920953,-0.03659983,0.0,-0.007949744,0.015345022,0.0006198481,Santa Elena,2008
-0.0025958922,0.025375957,0.02227421,0.0,0.042227082,0.007290889,0.0009312966,Villa Hermosa,2008
0.009268751,-0.011592617,-0.026657486,0.0,-0.009492499,0.032994173,0.00010939378,Altavista,2009
0.0045021567,0.01043718,0.02353719,0.0,0.059340596,-0.003709264,0.0007420391,Aranjuez,2009
-0.003176178,-0.0073464904,0.031711996,0.0,-0.006627643,-0.033088483,0.0002560645,Belen,2009
-0.008980167,-0.008796349,0.0096725,0.0,-0.0024379652,-0.008040312,0.00013548076,Buenos Aires,2009
-0.016262628,-0.01728999,0.018329252,0.0,0.019736866,-0.0031717443,0.00030696756,Castilla,2009
-0.0057278243,0.011352032,0.038761307,0.0,0.028044231,0.0137341395,0.00024978223,Doce de Octubre,2009
-0.012830459,-0.020995677,-0.012641193,0.0,-0.0577625,-0.056524675,0.00034288794,El Poblado,2009
-0.023869302,-0.01619828,-0.010364109,0.0,-0.028928585,-0.018529614,0.00024097318,Guayabal,2009
-0.002649345,-0.008560392,-0.021517066,0.0,-0.009604363,-0.034952067,0.00024303126,La America,2009
-0.0020631088,-0.016548337,-0.01857099,0.0,-0.028366113,-0.02597521,0.0004949585,La Candelaria,2009
-0.01124805,-0.020547288,-0.014315199,0.0,-0.05588547,-0.051854994,0.00041434154,Laureles Estadio,2009
-0.0013934778,0.029510532,0.02648049,0.0,0.049623758,0.036480784,0.00033052295,Manrique,2009
-0.0021272653,-0.012264393,-0.039601274,0.0,-0.009957075,0.037215594,0.0013341956,Palmitas,2009
0.009830332,0.041120715,0.027211674,0.0,0.07596456,0.04638644,0.0011297889,Popular,2009
-0.008176598,-0.0027869032,0.03338147,0.0,0.01170096,0.0021009739,0.00018750888,Robledo,2009
0.009537979,-0.008221432,-0.009153718,0.0,-0.007220314,0.006821127,0.00020448341,San Antonio de Prado,2009
-0.0008601316,-0.008130373,-0.015930807,0.0,-0.006602188,0.023148363,0.00018032518,San Cristobal,2009
-0.0072184736,0.013228578,0.023911346,0.0,0.040247813,0.002968632,0.0007788492,San Javier,2009
0.0065891314,0.029070212,0.018186828,0.0,0.07359586,0.03134744,0.0005910252,Santa Cruz,2009
0.008108358,-0.009208348,-0.035659228,0.0,-0.007887678,0.015304362,0.00056703127,Santa Elena,2009
-0.002612527,0.024642937,0.02391947,0.0,0.043505892,0.007158307,0.00065309554,Villa Hermosa,2009
0.009268751,-0.011592617,-0.026652595,0.0,-0.009492499,0.032994173,0.000104502215,Altavista,2010
0.0042505683,0.01043718,0.023775417,0.0,0.059251264,-0.0037577199,0.00073714746,Aranjuez,2010
-0.003176178,-0.0073931813,0.03180495,0.0,-0.006669049,-0.033164192,0.00025117293,Belen,2010
-0.009186941,-0.016653968,0.0042119045,0.0,-0.03173121,0.0039593233,0.00031956716,Belén,2010
-0.008980167,-0.008796349,0.0096773915,0.0,-0.0024379652,-0.008040312,0.0001305892,Buenos Aires,2010
-0.016262628,-0.018203974,0.012501841,0.0,0.01896586,-0.0034467387,0.000302076,Castilla,2010
-0.010893581,0.03559748,0.005735696,0.0,0.06793025,-0.004624845,0.0006497706,Corregimiento de Altavista,2010
-0.011399795,0.00903092,0.0021788315,0.0,-0.0075132353,-0.0021258295,0.00023043175,Corregimiento de San Antonio de Prado,2010
-0.011152078,-0.0049648914,0.0032398915,0.0,0.024323946,-0.005628388,0.00029919998,Corregimiento de San Cristóbal,2010
-0.012957198,0.01305957,0.0051438524,0.0,0.02011097,-0.009666134,0.00031954382,Corregimiento de San Sebastián de Palmitas,2010
-0.01550099,0.03579772,0.004145735,0.0,0.058129217,-0.005342099,0.0005573319,Corregimiento de Santa Elena,2010
-0.0057278243,0.011352032,0.038766198,0.0,0.028044231,0.0137341395,0.00024489063,Doce de Octubre,2010
-0.012830459,-0.020995677,-0.012636302,0.0,-0.0577625,-0.056524675,0.00033799637,El Poblado,2010
-0.023869302,-0.01619828,-0.010359217,0.0,-0.028928585,-0.018529614,0.00023608161,Guayabal,2010
-0.0028967573,-0.0088077,-0.024321435,0.0,-0.009920446,-0.035107054,0.00023813969,La America,2010
-0.028592277,-0.016968988,0.0024030947,0.0,-0.03365991,0.0026700883,0.00020064128,La América,2010
-0.0020631088,-0.016342523,-0.016126053,0.0,-0.027989691,-0.025019072,0.0004900669,La Candelaria,2010
-0.01124805,-0.020547288,-0.0143497605,0.0,-0.055759083,-0.051854994,0.00040944995,Laureles Estadio,2010
-0.0013804805,0.029510532,0.026623381,0.0,0.049623758,0.03637441,0.0003256314,Manrique,2010
-0.0018808736,-0.012264393,-0.037260078,0.0,-0.009934831,0.036997117,0.0010137372,Palmitas,2010
0.009830332,0.041120715,0.027216565,0.0,0.07596456,0.04638644,0.0011248974,Popular,2010
-0.008405931,-0.0027893984,0.031114448,0.0,0.011631591,0.0020690006,0.0002430645,Robledo,2010
0.009045109,-0.008687336,-0.0020828552,0.0,-0.006916244,0.003828087,0.000199939,San Antonio de Prado,2010
-0.0012012444,-0.008135577,-0.013452571,0.0,-0.0064497693,0.023418304,0.00018230885,San Cristobal,2010
-0.0072184736,0.013226434,0.021507042,0.0,0.038952205,0.0030738043,0.00077395764,San Javier,2010
0.0065891314,0.030055135,0.012554297,0.0,0.07620664,0.031153744,0.0005861337,Santa Cruz,2010
0.008392676,-0.009210828,-0.033843134,0.0,-0.007825924,0.015162159,0.00035905777,Santa Elena,2010
-0.002612527,0.024640793,0.024036786,0.0,0.043607313,0.00718422,0.000648204,Villa Hermosa,2010
0.0091561,-0.011605147,-0.026271459,0.0,-0.00948341,0.032942887,0.0002819829,Altavista,2011
0.008581157,-0.0076029026,0.024742555,0.0,0.019009093,-0.006256296,0.00030396756,Aranjuez,2011
-0.0031645459,-0.0074063716,0.029852651,0.0,-0.0061091892,-0.033153843,0.0004286536,Belen,2011
-0.001144018,-0.016898254,-0.009762999,0.0,-0.032576837,0.0057650856,0.00051043666,Belén,2011
-0.0045939926,-0.010588217,0.006349168,0.0,-0.026500825,-0.008189502,0.0005791023,Buenos Aires,2011
-0.012118566,-0.009834179,0.0063693468,0.0,-0.016974496,0.0011605186,0.00069964794,Castilla,2011
0.0047265887,0.060298204,0.0044069528,0.0,0.09553206,-0.001689062,0.0007945505,Corregimiento de Altavista,2011
-0.002787764,-0.005152842,-0.00060983154,0.0,-0.011527681,0.0009426717,0.0003366678,Corregimiento de San Antonio de Prado,2011
-0.0008195421,0.020826207,-0.0016812633,0.0,0.056199197,-0.0059068725,0.0009761103,Corregimiento de San Cristóbal,2011
0.010508919,0.045159783,0.006202046,0.0,0.101972565,-0.0017118753,0.0007141442,Corregimiento de San Sebastián de Palmitas,2011
-0.006531819,0.06631531,-0.0022744928,0.0,0.014838785,-0.005325815,0.0006316452,Corregimiento de Santa Elena,2011
0.002532287,-0.0068523744,0.040292833,0.0,0.022177095,0.015178741,0.00030018334,Doce de Octubre,2011
-0.0063047856,-0.021572072,-0.020331284,0.0,-0.058895443,-0.059019033,0.0010363533,El Poblado,2011
-0.013578717,-0.016167684,-0.015163642,0.0,-0.025732137,-0.01816137,0.0005479815,Guayabal,2011
-0.0028589917,-0.00882089,-0.024706073,0.0,-0.010019824,-0.035107054,0.00041562036,La America,2011
-0.022197079,-0.01714759,-0.011148166,0.0,-0.03558719,0.004234039,0.00042681847,La América,2011
0.008227439,-0.017144829,-0.02368709,0.0,-0.034858555,-0.028334757,0.0006256568,La Candelaria,2011
-0.006874974,-0.021445645,-0.024056606,0.0,-0.056182213,-0.05507501,0.0011392145,Laureles Estadio,2011
0.006628327,0.03955491,0.023954825,0.0,0.04253836,0.034463607,0.00061217445,Manrique,2011
-0.001869241,-0.012277584,-0.037260078,0.0,-0.009934831,0.036997117,0.001191218,Palmitas,2011
0.019452132,0.03778342,0.021715268,0.0,0.053591564,0.04996652,0.0013743,Popular,2011
-0.00216689,0.006615585,0.028590973,0.0,-0.012046598,0.0107318545,0.00048307175,Robledo,2011
0.008515503,-0.008921255,0.00019821126,0.0,-0.0071452577,0.0021847084,0.00037741972,San Antonio de Prado,2011
-0.0011896119,-0.008148767,-0.013452571,0.0,-0.0064497693,0.023418304,0.00035978958,San Cristobal,2011
0.0011737709,0.0062972424,0.01935058,0.0,0.015939796,0.0029305585,0.000681822,San Javier,2011
0.006489469,0.03244182,0.006827653,0.0,0.03987933,0.03998439,0.00056272984,Santa Cruz,2011
0.008404309,-0.009224018,-0.033843134,0.0,-0.007825924,0.015162159,0.0005365385,Santa Elena,2011
0.0090910755,0.031337682,0.019707734,0.0,0.041212905,0.005811243,0.0008306624,Villa Hermosa,2011
0.009156233,-0.0116032865,-0.026271459,0.0,-0.009481494,0.03297415,0.00024681148,Altavista,2012
0.008695433,0.010328311,0.019829761,0.0,0.04553005,-0.004491691,0.00065510336,Aranjuez,2012
-0.003155603,-0.0076499586,0.0309068,0.0,-0.006270671,-0.033362936,0.00015114092,Belen,2012
-0.0032311697,-0.016876685,-0.010909051,0.0,-0.032580793,0.0057963473,0.000501455,Belén,2012
-0.0063588494,-0.010564379,0.006267094,0.0,-0.027003882,-0.008173035,0.00052884576,Buenos Aires,2012
-0.012626998,-0.009370988,0.005991221,0.0,-0.011269475,0.0010065984,0.00032316244,Castilla,2012
0.0054605836,0.020920193,0.0030712944,0.0,0.06626531,-0.0057445974,0.0007987632,Corregimiento de Altavista,2012
-0.0029676422,-0.0051967325,-0.00038540532,0.0,-0.0075733094,0.0007679309,0.00030742717,Corregimiento de San Antonio de Prado,2012
0.0025788215,-0.0066910842,-0.00087379786,0.0,0.03867305,-0.0043425453,0.00078534125,Corregimiento de San Cristóbal,2012
0.0028879833,0.04443548,0.0037929704,0.0,0.08577575,-0.0025942677,0.00075636466,Corregimiento de San Sebastián de Palmitas,2012
0.008595435,0.07551545,0.008096447,0.0,0.10395366,-0.0011298017,0.00085125095,Corregimiento de Santa Elena,2012
0.0026269886,-0.008296332,0.037519798,0.0,0.016523292,0.014542133,0.00024709367,Doce de Octubre,2012
-0.010198217,-0.021397376,-0.0215567,0.0,-0.06061501,-0.059421513,0.00060842,El Poblado,2012
-0.013607285,-0.010170464,-0.016928328,0.0,-0.028903423,-0.020329008,0.00046122455,Guayabal,2012
-0.0031502561,-0.00881903,-0.027221438,0.0,-0.009943534,-0.035627767,0.00015258953,La America,2012
-0.02456001,-0.017416405,-0.012874335,0.0,-0.048075102,0.004123276,0.000255719,La América,2012
0.0039221137,-0.017128088,-0.025173279,0.0,-0.035143245,-0.028810522,0.00035118946,La Candelaria,2012
-0.003269163,-0.021218272,-0.024392499,0.0,-0.053893268,-0.05604834,0.00021919217,Laureles Estadio,2012
0.0081539815,0.030641519,0.023949321,0.0,0.050617404,0.033872195,0.0006602708,Manrique,2012
-0.0018691085,-0.012275723,-0.037260078,0.0,-0.009932916,0.03702838,0.0011560465,Palmitas,2012
0.018375508,0.038095657,0.023127757,0.0,0.063201845,0.049240574,0.0013412946,Popular,2012
0.004149917,-0.0075812284,0.025956918,0.0,0.01586113,0.0010382341,0.00042917434,Robledo,2012
0.008986405,-0.008934287,0.0015223355,0.0,-0.0074494267,0.0024175919,0.0003163537,San Antonio de Prado,2012
-0.0011859114,-0.008139898,-0.012547683,0.0,-0.006425594,0.022757495,0.0003246181,San Cristobal,2012
0.00215685,-0.008353091,0.02388565,0.0,0.028473087,0.004552073,0.0008448321,San Javier,2012
0.008642741,0.027840257,0.0064915596,0.0,0.05349102,0.033161122,0.0004522677,Santa Cruz,2012
0.008404441,-0.009222157,-0.03269328,0.0,-0.007774866,0.015801178,0.00050136703,Santa Elena,2012
0.0072598103,0.019149618,0.01855998,0.0,0.04178073,0.0068506273,0.00087998173,Villa Hermosa,2012
0.008525535,-0.0115712555,-0.03087469,0.0,-0.009554902,0.033249274,-0.0004018464,Altavista,2013
0.010053454,0.006496869,0.0015212182,0.0,0.019693006,-0.0082708625,-0.00022558482,Aranjuez,2013
-0.0035758473,-0.009113522,0.0048165093,0.0,-0.008727775,-0.03061092,-0.00060399086,Belen,2013
-0.0049142293,-0.016827859,-0.011544603,0.0,-0.03241757,0.005338915,-9.988664e-05,Belén,2013
-0.0052394625,-0.010221833,-0.013091915,0.0,-0.03172233,-0.003177923,-2.3329101e-05,Buenos Aires,2013
-0.016707564,-0.010668031,-0.012005179,0.0,-0.031223359,0.00760514,3.4403227e-05,Castilla,2013
0.002696248,0.010654267,-0.0026277285,0.0,0.0649638,-0.0022220388,0.000122977,Corregimiento de Altavista,2013
-0.003793228,0.0089784665,0.0004121794,0.0,-0.014945413,-0.0018301831,-0.00026467897,Corregimiento de San Antonio de Prado,2013
0.0025526688,-0.01088942,6.179564e-05,0.0,0.031176293,-0.00449438,0.00018865387,Corregimiento de San Cristóbal,2013
0.0061082058,0.047688123,0.0044131577,0.0,0.09501187,-0.0019850028,2.7811337e-05,Corregimiento de San Sebastián de Palmitas,2013
0.0030497313,0.04795673,0.0058069904,0.0,0.08608647,-0.0024713944,5.8181093e-05,Corregimiento de Santa Elena,2013
0.0025354333,-0.010887599,0.0080335345,0.0,0.026667545,0.013231999,-9.8307755e-05,Doce de Octubre,2013
-0.011058943,-0.021379681,-0.029183367,0.0,-0.058064584,-0.059994143,-0.0003893602,El Poblado,2013
-0.016099446,-0.016853997,-0.024928221,0.0,-0.028009681,-0.019537263,-4.174881e-05,Guayabal,2013
-0.0033108776,-0.008803079,-0.032044448,0.0,-0.0100410795,-0.03653854,-0.0006518127,La America,2013
-0.020180328,-0.01763937,-0.0114044165,0.0,-0.04218404,0.0042903824,-7.2045885e-05,La América,2013
0.0067157485,-0.011104219,-0.02987373,0.0,-0.033174813,-0.030742655,-0.00030384306,La Candelaria,2013
-0.006930381,-0.021286445,-0.028851647,0.0,-0.054487597,-0.0561456,-0.00040763375,Laureles Estadio,2013
0.00799319,0.037620608,0.0053152903,0.0,0.05333226,0.032106895,-3.9692288e-05,Manrique,2013
-0.002195691,-0.012262105,-0.03936934,0.0,-0.0099452445,0.037257146,0.00032933903,Palmitas,2013
0.017175656,0.046359327,0.0068935193,0.0,0.06390835,0.046606567,0.0007289216,Popular,2013
0.00083784893,-0.008803086,0.001830868,0.0,-0.010704483,0.011332975,-0.00030934883,Robledo,2013
0.0095225135,-0.008220948,-0.012053488,0.0,-0.0074185077,0.007403468,-0.00026907434,San Antonio de Prado,2013
-0.0008644538,-0.008684448,-0.021673623,0.0,-0.0068327826,0.024391428,-0.00028635733,San Cristobal,2013
-0.0015942828,0.008629521,-0.010024597,0.0,0.015604207,0.005579923,-8.646695e-05,San Javier,2013
0.009846905,0.024083024,-0.017535863,0.0,0.049920015,0.029341534,-7.74671e-05,Santa Cruz,2013
0.0080277985,-0.009206059,-0.036096692,0.0,-0.007878239,0.015301564,-5.1593015e-05,Santa Elena,2013
0.0040553818,0.031552937,0.0010505748,0.0,0.017857077,0.003200433,-9.450067e-05,Villa Hermosa,2013
0.00853355,-0.009158067,-0.032135457,0.0,-0.00741639,0.019170668,-0.00043312882,Altavista,2014
0.009806175,0.009746314,-0.00020512122,0.0,0.015826583,-0.00016744097,-0.0002638105,Aranjuez,2014
-0.0033287269,-0.0087331915,0.0019303623,0.0,-0.008071596,-0.027051082,-0.00061518373,Belen,2014
-0.0012406833,-0.011128233,-0.01038543,0.0,-0.032918464,0.004372874,-0.00010694698,Belén,2014
-0.0067388644,-0.0048054215,-0.016346917,0.0,-0.011323465,-0.01377286,-0.0003719355,Buenos Aires,2014
-0.010694424,-0.0159575,-0.012477062,0.0,-0.026898753,-0.0009991167,-0.0001235823,Castilla,2014
0.002762055,-0.006427286,-0.0059378343,0.0,0.034034617,-0.0028461588,0.0001441536,Corregimiento de Altavista,2014
-0.002314673,-0.008173548,-0.00014139018,0.0,-0.030541597,0.0040102247,-0.00011401262,Corregimiento de San Antonio de Prado,2014
0.0015230619,-0.0071838116,-0.0014408871,0.0,0.029993609,-0.0043163234,0.0001441536,Corregimiento de San Cristóbal,2014
-0.0005291637,0.040515594,-0.0003406963,0.0,0.062632844,-0.0045895544,1.0584767e-05,Corregimiento de San Sebastián de Palmitas,2014
-0.002555287,0.042507812,-0.0032686598,0.0,0.06397089,-0.0023111668,1.5809414e-05,Corregimiento de Santa Elena,2014
0.0011398623,-0.009989982,0.006529421,0.0,0.021106215,0.002112223,-0.00018847806,Doce de Octubre,2014
0.0010780169,-0.008665546,-0.001856573,0.0,-0.007083957,0.001931215,-0.00037649565,Doce de octubre,2014
-0.010567097,-0.021260316,-0.029052489,0.0,-0.057944622,-0.05954035,-0.00027779743,El Poblado,2014
-0.020510798,-0.01046969,-0.024655472,0.0,-0.03670117,-0.021134267,-0.00011221173,Guayabal,2014
-0.003273263,-0.00933077,-0.031187352,0.0,-0.010309894,-0.035091296,-0.0006912314,La America,2014
-0.022226341,-0.017516121,-0.011026626,0.0,-0.03554908,0.0042678164,-6.1970924e-05,La América,2014
0.006814702,-0.011227703,-0.03131704,0.0,-0.035366368,-0.027538244,-0.0002746853,La Candelaria,2014
-0.006187573,-0.021537598,-0.030813335,0.0,-0.05487357,-0.05723747,-0.00032620653,Laureles Estadio,2014
-0.017509993,-0.008687552,-0.0018669993,0.0,-0.0067491126,0.0007343827,-0.00031160723,Laureles—Estadio,2014
0.009442673,0.035043757,0.0033540092,0.0,0.022296969,-0.00078552775,-0.0003198556,Manrique,2014
-0.0015336786,-0.009093327,-0.040909488,0.0,-0.008080925,0.015478715,-0.00080885633,Palmitas,2014
-0.007292609,-0.008371782,-0.0021324786,0.0,-0.006783639,0.0015496606,-0.00033376057,Poblado,2014
0.017874094,0.044966303,0.0024304152,0.0,0.063152835,0.03046914,-0.0002103367,Popular,2014
-0.0024574453,-0.005411298,-0.0009719992,0.0,-0.00861102,0.0015077741,-0.00029424662,Robledo,2014
0.008601517,-0.008392391,-0.015704626,0.0,-0.007555979,0.006349998,-0.00033823922,San Antonio de Prado,2014
-0.00082003494,-0.008757413,-0.02097675,0.0,-0.006962891,0.015138506,-0.00030180294,San Cristobal,2014
0.0035640735,-0.005606133,-0.004729025,0.0,0.0157004,0.00885896,-0.00017766113,San Javier,2014
0.015426416,0.010452693,-0.014276973,0.0,0.045982085,0.024806041,-3.1553966e-05,Santa Cruz,2014
0.008551286,-0.009078418,-0.036711823,0.0,-0.008719061,0.0027862298,-0.0007407643,Santa Elena,2014
0.007495945,0.009164251,-0.010165009,0.0,0.022154527,0.010864648,-0.00014620036,Villa Hermosa,2014
0.007934809,-0.009093775,-0.03212282,0.0,-0.008351507,-0.009964755,-0.00072316796,Altavista,2015
0.009060389,-0.009579388,0.001043554,0.0,0.019891467,-0.014755419,-0.00065971276,Aranjuez,2015
-0.0039444775,-0.00857534,0.003846866,0.0,-0.008320366,-0.03459864,-0.0008104424,Belen,2015
-0.018415334,-0.010756758,-0.011801021,0.0,-0.035530012,0.0032207496,-0.00017910295,Belén,2015
0.010269475,-0.016643278,-0.009998969,0.0,-0.028258998,-0.020292768,-0.00026865967,Buenos Aires,2015
0.005859291,-0.010409737,-0.006086424,0.0,-0.027322005,-0.025439927,-0.0004020275,Castilla,2015
0.0039353548,0.01922963,0.00024324327,0.0,0.046691507,-0.006138814,-0.00040222084,Corregimiento de Altavista,2015
0.0041857427,-0.0055782027,-0.00082733005,0.0,-0.011481867,0.000618191,-0.00057342544,Corregimiento de San Antonio de Prado,2015
0.004050889,-0.011036488,0.00041977433,0.0,0.027271675,-0.005562823,-0.00066628057,Corregimiento de San Cristóbal,2015
0.011571429,0.05315415,0.0054924265,0.0,0.10220865,-0.0014774796,-0.0003698238,Corregimiento de San Sebastián de Palmitas,2015
0.0052839513,0.041635364,-0.0017915817,0.0,0.046486802,-0.0031401108,-0.00038515014,Corregimiento de Santa Elena,2015
0.004649587,-0.017367132,0.008290947,0.0,0.027414685,-0.00527252,-0.0007095746,Doce de Octubre,2015
0.009558715,-0.008707646,-0.00089528295,0.0,-0.0069505144,0.0018550359,-0.00059774076,Doce de octubre,2015
-0.010335772,-0.021640934,-0.028023375,0.0,-0.057535525,-0.059763428,-0.00031163418,El Poblado,2015
-0.006804827,-0.009617199,-0.028684316,0.0,-0.013375457,-0.027919764,-0.0006909464,Guayabal,2015
-0.0032159132,-0.00910999,-0.029102132,0.0,-0.009986085,-0.03915026,-0.0007803338,La America,2015
-0.029069608,-0.011865017,-0.013178432,0.0,-0.047379334,0.0027083294,-0.00020879482,La América,2015
0.0019478378,-0.009966695,-0.029109513,0.0,-0.03324644,-0.030622464,-0.0004616438,La Candelaria,2015
-0.007050735,-0.021614194,-0.027893927,0.0,-0.055305384,-0.059838608,-0.00042748326,Laureles Estadio,2015
-0.021313697,-0.008722021,-0.0020669852,0.0,-0.0067480835,0.00052491145,-0.0005158539,Laureles—Estadio,2015
0.009978933,-0.005754095,0.0054479423,0.0,0.031778436,-0.004677763,-0.00026268364,Manrique,2015
-0.0029668247,-0.009066509,-0.04174192,0.0,-0.010310942,-0.030093469,-0.0013249875,Palmitas,2015
-0.011550849,-0.008448975,-0.0016626929,0.0,-0.0066377106,0.0012571147,-0.00057923223,Poblado,2015
0.009352092,0.018906198,0.005592703,0.0,-0.007940993,-0.0040726503,-0.0006240094,Popular,2015
0.008584935,-0.010285244,0.008065501,0.0,0.0061796783,-0.021174673,-0.00062801084,Robledo,2015
0.008903046,-0.008062671,-0.0072759762,0.0,-0.007909208,-0.019381484,-0.0005736514,San Antonio de Prado,2015
-0.0012528279,-0.008737037,-0.020648034,0.0,-0.008060354,0.0034348224,-0.0006067026,San Cristobal,2015
0.008202277,-0.009815018,0.0023472488,0.0,0.025114935,-0.0066199596,-0.0007090697,San Javier,2015
0.010336175,0.0096247,-0.009418868,0.0,0.022262484,-0.008027076,-0.0005917153,Santa Cruz,2015
0.007978054,-0.009125348,-0.03597136,0.0,-0.008364329,-0.012448825,-0.0008867519,Santa Elena,2015
0.0028617173,-0.005795604,-0.0004569547,0.0,0.019378563,-0.010260158,-0.00074398867,Villa Hermosa,2015
0.0077959094,-0.0088439165,-0.032361813,0.0,-0.008439033,-0.007055311,-0.00072594587,Altavista,2016
0.0031780777,-0.0055308365,-0.007093542,0.0,0.01721962,-0.00058748934,-0.0006496603,Aranjuez,2016
-0.0027906634,-0.008247968,-0.0073848884,0.0,-0.008377099,-0.022988442,-0.0005778804,Belen,2016
-0.0074401707,-0.016835049,-0.0113145895,0.0,-0.03278647,0.0053679366,-0.0002459435,Belén,2016
-0.008852043,-0.0162478,-0.017832203,0.0,-0.026968095,-0.009134841,-0.00029700683,Buenos Aires,2016
-0.009394984,-0.0170687,-0.016991783,0.0,-0.03531854,0.004367054,-0.00022737488,Castilla,2016
-0.0038344264,0.006181843,-2.9467501e-05,0.0,0.01304998,-0.006794914,-0.00066939986,Corregimiento de Altavista,2016
-0.0086572785,-0.008771005,0.000516139,0.0,-0.017527098,0.0012518938,-0.00024280128,Corregimiento de San Antonio de Prado,2016
-0.0001757553,-0.008966285,-0.0020152566,0.0,0.01964948,-0.0038137543,-0.0007437621,Corregimiento de San Cristóbal,2016
-0.0017466163,0.049187846,0.003592782,0.0,0.034417257,-0.0066776127,-0.0004368903,Corregimiento de San Sebastián de Palmitas,2016
0.0029362885,0.058020428,0.0045411577,0.0,0.058092434,-0.0041707563,-0.00042630013,Corregimiento de Santa Elena,2016
-0.002783138,-0.0096235825,0.0038818768,0.0,-0.013048701,0.0010340358,-0.000607811,Doce de Octubre,2016
0.016552646,-0.008400941,-0.00010195815,0.0,-0.006808767,0.0022091253,-0.00056690036,Doce de octubre,2016
-0.009677172,-0.021427901,-0.028334487,0.0,-0.057161085,-0.060652267,-0.0005303384,El Poblado,2016
-0.0042056334,-0.009600376,-0.030386852,0.0,-0.015605233,-0.02330418,-0.0006483801,Guayabal,2016
-0.003245723,-0.009333333,-0.0324914,0.0,-0.010281544,-0.035088852,-0.0008648305,La America,2016
-0.02470417,-0.017406512,-0.013106551,0.0,-0.047183353,0.004108628,-0.00016236048,La América,2016
0.004994527,-0.0112293195,-0.030616788,0.0,-0.035240278,-0.027876304,-0.00029002596,La Candelaria,2016
-0.006644591,-0.021547623,-0.028807491,0.0,-0.054755755,-0.05704953,-0.00035960376,Laureles Estadio,2016
-0.019343851,-0.008700562,-0.0018858402,0.0,-0.0067221913,0.00057086826,-0.0005244895,Laureles—Estadio,2016
-0.008114464,0.027837573,0.0028402368,0.0,0.017120969,0.00060158694,-0.00050876476,Manrique,2016
-0.0019695775,-0.008993592,-0.040928647,0.0,-0.008891394,0.003244878,-0.0011090722,Palmitas,2016
-0.015654866,-0.008675063,-0.0017923674,0.0,-0.0066685793,0.0007418875,-0.00052816357,Poblado,2016
0.014695702,0.020831881,0.0021567864,0.0,0.04309301,0.00023337781,-0.00022688894,Popular,2016
0.000816142,-0.009194318,0.0010064166,0.0,-0.015760278,-0.005194997,-0.0003065186,Robledo,2016
0.009040824,-0.008220031,-0.012562546,0.0,-0.0065322528,0.013438764,-0.00051533105,San Antonio de Prado,2016
-0.0010139631,-0.008467311,-0.018758412,0.0,-0.006695402,0.020575635,-0.00053624704,San Cristobal,2016
0.010412678,-0.00507682,-0.009078715,0.0,0.020530557,-0.00011023875,-0.00060415803,San Javier,2016
0.008077624,0.019920558,-0.011557297,0.0,0.044984132,0.008864014,-0.00029158464,Santa Cruz,2016
0.008432381,-0.009099713,-0.035418313,0.0,-0.008226584,0.006659471,-0.0008647142,Santa Elena,2016
0.0050654523,0.019001493,-0.010519325,0.0,0.035936866,0.0009545269,-0.00025982948,Villa Hermosa,2016
0.008005893,-0.009141456,-0.033046316,0.0,-0.008439632,-0.0014527625,-0.0007205315,Altavista,2017
0.0095337555,-0.0101111885,-0.0030082162,0.0,0.02958388,-0.002776574,-0.00032299457,Aranjuez,2017
-0.003311548,-0.0087677175,0.0037526018,0.0,-0.008163568,-0.027879938,-0.0007831842,Belen,2017
-0.015777512,-0.017208818,-0.00065196905,0.0,-0.031041268,0.0041616843,-0.00022666466,Belén,2017
-0.0020048849,-0.008957838,-0.014853866,0.0,-0.012061125,-0.015949205,-0.00056333706,Buenos Aires,2017
-0.0053253574,-0.014750141,-0.012392519,0.0,-0.011549901,-0.0026418136,-0.0005576752,Castilla,2017
-0.00038730103,0.008952376,-0.002727828,0.0,0.012839509,-0.006741513,-0.0006903381,Corregimiento de Altavista,2017
-0.0030673884,-0.00711548,0.00089771446,0.0,-0.0027675242,0.00014494263,-0.0005553813,Corregimiento de San Antonio de Prado,2017
0.0044895033,-0.010240112,-0.0014126244,0.0,0.02435108,-0.00468658,-0.00072654616,Corregimiento de San Cristóbal,2017
0.0042622513,0.03978184,0.0005498499,0.0,0.019595562,-0.0075877453,-0.00064191234,Corregimiento de San Sebastián de Palmitas,2017
-0.0022705297,0.05792913,0.0041004503,0.0,0.034286227,-0.0061956095,-0.00027773535,Corregimiento de Santa Elena,2017
0.004024431,-0.009869543,0.0051887385,0.0,-0.002431564,0.00566266,-0.0004989037,Doce de Octubre,2017
-0.002839778,-0.008645228,-0.0009814318,0.0,-0.007010164,0.0019445567,-0.0005719268,Doce de octubre,2017
-0.007049738,-0.021629438,-0.028215615,0.0,-0.05736868,-0.057162806,-0.0006084535,El Poblado,2017
-0.004163117,-0.009576884,-0.028377566,0.0,-0.013882397,-0.023408996,-0.00053367,Guayabal,2017
-0.0032488902,-0.008755743,-0.033474457,0.0,-0.010054875,-0.035990864,-0.00090055744,La America,2017
-0.016743395,-0.017106002,-0.0113516925,0.0,-0.035171498,0.004422464,-0.00022567519,La América,2017
0.0047156597,-0.009920655,-0.030890903,0.0,-0.013531283,-0.0239648,-0.0006126754,La Candelaria,2017
-0.004312664,-0.020723544,-0.029049916,0.0,-0.051737387,-0.053141158,-0.00037073455,Laureles Estadio,2017
-0.017506829,-0.008693174,-0.0018858402,0.0,-0.0067139203,0.0007180439,-0.00051907514,Laureles—Estadio,2017
0.008099426,0.020176707,0.0032624518,0.0,0.042987425,0.018583022,-0.00033364183,Manrique,2017
-0.0017539188,-0.00876838,-0.040987443,0.0,-0.008655444,-0.006479932,-0.001144065,Palmitas,2017
-0.017506829,-0.008693174,-0.0018858402,0.0,-0.0067139203,0.0007180439,-0.00051907514,Poblado,2017
0.016272454,0.031541627,0.0030684164,0.0,0.05365136,0.030594276,-0.00041167552,Popular,2017
0.0077256113,-0.004251559,0.005195561,0.0,-0.0032708212,-0.009738729,-0.00057880115,Robledo,2017
0.009484175,-0.008231378,-0.008886014,0.0,-0.0072033945,0.0058945604,-0.00053038006,San Antonio de Prado,2017
-0.001543951,-0.008383005,-0.016998695,0.0,-0.0072373524,0.008050457,-0.00053836266,San Cristobal,2017
0.0005247292,-0.0089337705,8.114467e-05,0.0,-0.006832287,-0.00430071,-0.00060489785,San Javier,2017
0.015933437,0.010435156,-0.015156997,0.0,0.049794268,0.012601452,-0.00016705411,Santa Cruz,2017
0.0075455443,-0.008881112,-0.036269736,0.0,-0.008574413,-0.007000456,-0.0009138138,Santa Elena,2017
0.009388847,0.020982629,0.002889141,0.0,0.02712395,-0.0024383068,-0.00022051165,Villa Hermosa,2017
0.0080713825,-0.008964827,-0.031046007,0.0,-0.0070611793,0.024327997,-0.00072313333,Altavista,2018
0.008346728,0.008401978,-0.001201663,0.0,-0.0108307,0.0053545767,-0.00053746614,Aranjuez,2018
-0.002422947,-0.008043767,-0.008143067,0.0,-0.0080113355,-0.019316819,-0.0006497554,Belen,2018
-0.007715023,-0.0171195,-0.01140678,0.0,-0.03641777,0.0053769355,-0.00034025233,Belén,2018
-0.003961155,-0.01692025,-0.016230715,0.0,-0.038127083,-0.020457493,-0.00042678084,Buenos Aires,2018
0.0063513517,-0.008877629,-0.013433072,0.0,-0.013269019,-0.004984791,-0.0007342948,Castilla,2018
0.0037543077,0.009772718,0.00048018264,0.0,0.03098087,-0.005939267,-0.0004113372,Corregimiento de Altavista,2018
-0.01076033,-0.0055579357,-0.0021366766,0.0,-0.03225644,0.003612858,-0.00028285405,Corregimiento de San Antonio de Prado,2018
0.0023179604,-0.01007909,-0.0012890686,0.0,0.02706618,-0.0041863197,-0.00075576286,Corregimiento de San Cristóbal,2018
0.004549912,0.047545083,0.003399742,0.0,0.020766601,-0.008326145,-0.0006697679,Corregimiento de San Sebastián de Palmitas,2018
0.00023740673,0.07229544,-0.0009907703,0.0,0.0471914,-0.0024149183,-0.00037081286,Corregimiento de Santa Elena,2018
0.0010953202,-0.010086034,0.00614948,0.0,0.017152634,0.002627255,-0.0006414792,Doce de Octubre,2018
0.009036556,-0.008680917,-0.0008043618,0.0,-0.0069358097,0.001849389,-0.00065315136,Doce de octubre,2018
-0.0067759985,-0.021589069,-0.027943436,0.0,-0.05533226,-0.057120666,-0.00053395814,El Poblado,2018
0.008479953,-0.017267182,-0.024216214,0.0,-0.03537157,-0.022677276,-0.00040944188,Guayabal,2018
-0.0023794025,-0.008792745,-0.030112995,0.0,-0.0094798235,-0.022722222,-0.000741185,La America,2018
-0.009507214,-0.016912684,-0.011214567,0.0,-0.03485508,0.005389375,-0.00031776534,La América,2018
0.0007373803,-0.010793772,-0.028185058,0.0,-0.029772745,-0.024029953,-0.00038526964,La Candelaria,2018
-0.0046722135,-0.02056576,-0.02883606,0.0,-0.04966039,-0.03830381,-0.00055067154,Laureles Estadio,2018
-0.017317573,-0.008689581,-0.0018820971,0.0,-0.006671713,0.0007180439,-0.0005849404,Laureles—Estadio,2018
0.00880937,0.021584045,0.0044082426,0.0,0.04219942,0.01012377,-0.00022486277,Manrique,2018
-0.002151823,-0.008983188,-0.04105378,0.0,-0.0084428955,-0.012164119,-0.0012266819,Palmitas,2018
-0.015663961,-0.008677092,-0.0017886243,0.0,-0.006673603,0.00074209576,-0.0005886145,Poblado,2018
0.0072141252,0.02012769,0.0033266523,0.0,0.042538296,0.018712336,-0.00045618517,Popular,2018
0.008766093,-0.008898026,0.0032084486,0.0,-0.0073331846,-0.0009966542,-0.00068582705,Robledo,2018
0.009068749,-0.008246809,-0.00768971,0.0,-0.007152334,-0.00793431,-0.0006590068,San Antonio de Prado,2018
-0.0017703848,-0.008172541,-0.0121725295,0.0,-0.006732658,0.011713686,-0.0006099405,San Cristobal,2018
0.010128664,-0.005502124,-0.0005641736,0.0,-0.0076989946,0.0023621358,-0.0005275519,San Javier,2018
0.008119239,0.009457448,-0.00986545,0.0,0.034282655,0.002781201,-0.0003192491,Santa Cruz,2018
0.00758532,-0.009137979,-0.036113475,0.0,-0.0086709615,-0.0048602982,-0.0009465368,Santa Elena,2018
0.0047611943,-0.00552074,-0.002971058,0.0,0.015661018,-0.00031044014,-0.00071113365,Villa Hermosa,2018
0.0077889683,-0.008825294,-0.031333145,0.0,-0.008296231,-0.007083579,-0.0007793222,Altavista,2019
0.0112820575,-0.005623483,-0.0015701172,0.0,-0.0033383865,0.0013341468,-0.00054989586,Aranjuez,2019
-0.0029269548,-0.008281366,-0.0072586467,0.0,-0.008666307,-0.026249705,-0.00083710736,Belen,2019
-0.010425784,-0.016539974,-0.011143077,0.0,-0.033467036,0.005390381,-0.00023523538,Belén,2019
0.008279917,-0.010503822,-0.017371638,0.0,-0.026060516,-0.008520165,-0.0003131738,Buenos Aires,2019
-0.004427645,-0.010727569,-0.017290799,0.0,-0.032397714,-0.007261103,-0.00038045814,Castilla,2019
-0.00077549025,0.019131597,-0.0035727115,0.0,0.043688193,-0.004579055,-0.0004512467,Corregimiento de Altavista,2019
-0.0074993568,-0.009914635,-0.011792894,0.0,-0.03294483,0.0041624433,-0.00026394805,Corregimiento de San Antonio de Prado,2019
-1.22717665e-05,-0.009928605,-0.004320714,0.0,0.019904451,-0.0027526561,-0.00079319667,Corregimiento de San Cristóbal,2019
0.007699068,0.048578814,0.0043262113,0.0,0.03116697,-0.006806157,-0.00039234073,Corregimiento de San Sebastián de Palmitas,2019
0.0048987796,0.04575363,-0.0016660833,0.0,0.019439848,-0.006346737,-0.0005629656,Corregimiento de Santa Elena,2019
0.0036583403,-0.0097539,0.0039931466,0.0,-0.00769603,0.0002649068,-0.0006457882,Doce de Octubre,2019
0.0066484464,-0.008678755,-0.0010649203,0.0,-0.007025429,0.0015766972,-0.0006411126,Doce de octubre,2019
-0.0107398275,-0.021621952,-0.030224534,0.0,-0.059943996,-0.06125587,-0.0008982284,El Poblado,2019
-0.002002367,-0.010586612,-0.02473266,0.0,-0.033754226,-0.02322979,-0.0003035914,Guayabal,2019
-0.0032589985,-0.009317197,-0.033552673,0.0,-0.010337335,-0.0350607,-0.0009711353,La America,2019
-0.016934048,-0.017305959,-0.013010156,0.0,-0.04717488,0.0043433844,-0.00017763855,La América,2019
0.01487774,-0.0044951667,-0.02855304,0.0,-0.025393248,-0.0069724806,-0.00034484413,La Candelaria,2019
-0.0063517606,-0.020444652,-0.030890882,0.0,-0.052324176,-0.051665217,-0.00047466296,Laureles Estadio,2019
-0.02411667,-0.008768175,-0.0024617596,0.0,-0.0067916648,0.00046752323,-0.0005541638,Laureles—Estadio,2019
0.0074125803,0.008001219,0.0016529687,0.0,0.016625255,0.0015314987,-0.0005662884,Manrique,2019
-0.0027195215,-0.00904913,-0.03946188,0.0,-0.010286234,-0.029622653,-0.0012733863,Palmitas,2019
-0.013214924,-0.008444994,-0.0017886243,0.0,-0.0066709192,0.0011359031,-0.000594548,Poblado,2019
0.019662453,0.019480178,-0.0023104767,0.0,0.036395907,0.019362314,-0.00029848388,Popular,2019
-0.0017898454,-0.010724198,-0.0012858924,0.0,-0.02553568,-0.009537488,-0.00030084405,Robledo,2019
0.009068382,-0.008258858,-0.007863009,0.0,-0.0071831373,-0.007882869,-0.0006469681,San Antonio de Prado,2019
-0.0017815536,-0.00822125,-0.010408754,0.0,-0.007208812,0.007569791,-0.00058633636,San Cristobal,2019
0.010472725,-0.007246128,-0.00053972536,0.0,-0.008017296,0.0020108204,-0.0005209342,San Javier,2019
0.0054245098,-0.008438494,-0.009476584,0.0,0.020727947,0.0046705003,-0.0006491468,Santa Cruz,2019
0.0082350075,-0.009150027,-0.037023313,0.0,-0.008682309,0.0005098944,-0.00093449804,Santa Elena,2019
0.008864799,0.01750177,-0.003936531,0.0,0.017936198,-0.0035303351,-0.00062007597,Villa Hermosa,2019
0.0077943606,-0.008825294,-0.031333145,0.0,-0.007943758,-0.007158461,0.00059337856,Altavista,2020
0.009863776,-0.0056312014,-0.0015782254,0.0,-0.0030022317,0.0011437053,0.00078797195,Aranjuez,2020
0.0015374476,-0.016999194,-0.009573881,0.0,-0.03288274,0.0056779603,0.00028937572,Belén,2020
0.004534739,-0.010460853,-0.017487172,0.0,-0.026692737,-0.008303892,0.00024179879,Buenos Aires,2020
0.007781968,-0.010955062,-0.017458348,0.0,-0.032838717,-0.007646061,0.00017030342,Castilla,2020
0.019195246,-0.008436628,-7.337129e-05,0.0,-0.0063914172,0.0020849388,0.00080625946,Doce de octubre,2020
0.0055667926,-0.010609029,-0.024972135,0.0,-0.03416428,-0.02369169,0.00025312067,Guayabal,2020
-0.018351818,-0.017271357,-0.012852156,0.0,-0.04756021,0.0042343587,0.00043752987,La América,2020
0.008684077,-0.004826032,-0.02897331,0.0,-0.025434433,-0.0068030655,0.000165182,La Candelaria,2020
-0.02130407,-0.008736099,-0.0020820831,0.0,-0.0064052152,0.00045023733,0.0008185369,Laureles—Estadio,2020
0.02530724,0.009367068,0.0017932467,0.0,0.017105518,0.0018288353,0.0009278623,Manrique,2020
-0.013209531,-0.008444994,-0.0017886243,0.0,-0.006318446,0.0010610203,0.0007781527,Poblado,2020
0.021881137,0.01945081,-0.0023173424,0.0,0.03605149,0.019317368,0.00026757462,Popular,2020
0.010554841,-0.01101312,-0.00069264206,0.0,-0.026040234,-0.010241595,0.00030102563,Robledo,2020
0.009073774,-0.008258858,-0.007863009,0.0,-0.006830664,-0.007957752,0.00072573265,San Antonio de Prado,2020
0.010649114,-0.008755778,-0.0007009807,0.0,-0.0066249873,0.0018614131,0.0007749387,San Cristóbal,2020
0.00903009,-0.0072197933,-0.0007039088,0.0,-0.007646494,0.0018942674,0.0008037236,San Javier,2020
-0.009909108,-0.008463053,-0.0021938311,0.0,-0.0062638563,0.001484702,0.00073998317,San Sebastián De Palmitas,2020
0.015719984,-0.008179755,-0.009061601,0.0,0.021131407,0.0047467337,0.00081802404,Santa Cruz,2020
0.0082404,-0.009150027,-0.037023313,0.0,-0.008329836,0.00043501123,0.0004382025,Santa Elena,2020
0.020307105,0.018027714,-0.003551168,0.0,0.01852861,-0.0035537863,0.0007883265,Villa Hermosa,2020
-0.0025025213,-0.010199438,0.03600176,0.0,-0.005781521,0.04432931,0.0011472153,Altavista,2021
0.018897664,-0.010502026,0.03615805,0.0,-0.008919974,0.042469364,0.0014745081,Aranjuez,2021
-0.001961758,-0.0069637937,0.036154453,0.0,-0.0025669679,0.013892263,0.0007702131,Belen,2021
0.00031079035,-0.009866394,-0.0025051485,0.0,-0.010099865,0.0019413949,0.0006884023,Belén,2021
0.008382932,-0.009500437,0.029362263,0.0,-0.028017065,0.029164113,0.0002651358,Buenos Aires,2021
0.010599538,-0.010294773,0.025755474,0.0,-0.034357216,0.020054057,0.00036494195,Castilla,2021
-0.00079024566,0.02031909,-0.001390269,0.0,0.027053244,-0.0077546537,0.00050286046,Corregimiento de Altavista,2021
0.0034053398,-0.009793481,-0.0045813853,0.0,0.017779738,-0.0033035504,0.0005411488,Corregimiento de San Antonio de Prado,2021
0.00807644,-0.006738161,-0.0016834732,0.0,0.032605104,-0.0040170043,8.781086e-05,Corregimiento de San Cristóbal,2021
0.009096984,0.057964012,0.0049193255,0.0,0.02966464,-0.0068286364,8.266628e-05,Corregimiento de San Sebastián de Palmitas,2021
0.009270252,0.045773346,0.0011247173,0.0,-0.011784377,-0.00087025866,0.0009031512,Corregimiento de Santa Elena,2021
0.0042636157,-0.016729744,0.031522326,0.0,-0.0035041047,0.02566546,0.0008116239,Doce de Octubre,2021
0.017333353,-0.008406134,-8.09627e-05,0.0,-0.0064733005,0.0021261848,0.00075605133,Doce de octubre,2021
-0.0040717917,-0.022535838,0.025483029,0.0,-0.05032845,-0.038821403,0.0006996418,El Poblado,2021
0.016686803,-0.0068986434,0.029014377,0.0,-0.006943643,0.019975038,0.0007974202,Guayabal,2021
-0.0015169616,-0.0070480164,0.042240776,0.0,-0.003513883,-0.0133882295,0.0005430632,La America,2021
-0.0077628363,-0.017074382,-0.011292814,0.0,-0.035153605,0.005293787,0.00024241774,La América,2021
0.014724932,-0.0074274135,0.040757973,0.0,-0.005931618,0.023364386,0.0006298493,La Candelaria,2021
0.001516481,-0.019382603,0.022911139,0.0,-0.041170456,-0.030335827,0.0007478161,Laureles Estadio,2021
-0.015716871,-0.008689141,-0.00180919,0.0,-0.0063351556,0.0006589475,0.000665352,Laureles—Estadio,2021
0.022587474,-0.0057833423,0.031064482,0.0,0.026772154,0.049094375,0.0017070756,Manrique,2021
-0.0015046811,-0.009402076,0.035381828,0.0,-0.0058089863,0.033419736,0.00073017547,Palmitas,2021
-0.013267845,-0.008444994,-0.00180919,0.0,-0.006332472,0.0010527547,0.0006473797,Poblado,2021
0.028897125,0.027024677,0.029924719,0.0,0.053275127,0.06085684,0.0012898777,Popular,2021
0.008362574,-0.0023728432,0.034797892,0.0,-0.011808117,0.027349528,0.00072018686,Robledo,2021
-0.009156532,-0.006825366,0.032374848,0.0,-0.0018807064,0.01802403,0.0006882545,San Antonio de Prado,2021
-0.0022578125,-0.010055508,0.04107652,0.0,-0.006125498,0.05727602,0.0011752865,San Cristobal,2021
-0.0029028074,-0.008653684,-0.0009982543,0.0,-0.0066746976,0.0018614087,0.000615152,San Cristóbal,2021
0.019156508,-0.006390384,0.03268184,0.0,0.033171833,0.049940266,0.001668487,San Javier,2021
0.0010845627,-0.008679624,-0.0018609813,0.0,-0.0067032725,0.0018317285,0.000669527,San Sebastián De Palmitas,2021
0.02254725,0.0078852195,0.025119293,0.0,0.038558494,0.060889687,0.0013265462,Santa Cruz,2021
0.0057436745,-0.009751287,0.030446734,0.0,-0.0055833436,0.03168718,0.00073898304,Santa Elena,2021
0.01697601,-0.0059291963,0.030796964,0.0,0.026682941,0.05183387,0.0016952802,Villa Hermosa,2021
0.008047409,-0.007081724,0.034123242,0.0,-0.004586603,0.028865645,0.00043827,Altavista,2022
0.0073251612,-0.0051412606,0.031344686,0.0,-0.028131168,0.034758765,-0.00010051666,Aranjuez,2022
-0.002355492,-0.006881818,0.035363723,0.0,-0.0040906216,0.0012102172,0.00018315043,Belen,2022
-0.01301264,-0.0106052365,-0.0117710335,0.0,-0.03376805,0.0035381676,-0.00029579707,Belén,2022
0.008247224,-0.008064742,0.031004645,0.0,-0.009278947,0.022252228,-0.00015307905,Buenos Aires,2022
-0.0010163648,-0.020524861,0.024213282,0.0,-0.037896723,0.035971947,8.60939e-06,Castilla,2022
-0.0038852328,0.010405499,-0.00891656,0.0,-0.03525512,0.0033510046,-0.0005724144,Corregimiento de Altavista,2022
0.0015260022,-0.0095428275,-0.010384081,0.0,-0.026734803,0.0038991251,-0.00023762262,Corregimiento de San Antonio de Prado,2022
0.004872922,-0.0051586595,-0.0022790234,0.0,-0.0028903524,0.00097174244,0.00013905697,Corregimiento de San Cristóbal,2022
0.009985251,0.039808918,0.0012885272,0.0,0.009072999,-0.0068917754,-4.5012614e-05,Corregimiento de San Sebastián de Palmitas,2022
0.008508138,0.040871274,-0.008705527,0.0,0.046975516,-0.002697756,-0.0007111103,Corregimiento de Santa Elena,2022
0.007559055,-0.009153387,0.029818187,0.0,0.004676023,0.02654073,-7.7495446e-05,Doce de Octubre,2022
0.0011134646,-0.008602254,-0.0018833546,0.0,-0.006633566,0.0019115639,0.00018043298,Doce de octubre,2022
-0.0027968583,-0.022569256,0.025562031,0.0,-0.05358242,-0.05144879,0.00015443205,El Poblado,2022
0.002811686,-0.010434483,0.02469618,0.0,-0.034900162,0.015138341,-0.0006475483,Guayabal,2022
-0.0015307766,-0.006790972,0.041277133,0.0,-0.0053567025,-0.024434136,0.00030200198,La America,2022
-0.017103227,-0.017204583,-0.013171814,0.0,-0.049495567,0.0042971256,-0.00040705004,La América,2022
0.008904518,0.013995622,0.033856217,0.0,-0.031222226,0.014098851,-0.0008271007,La Candelaria,2022
-0.0017745978,-0.01933605,0.0247664,0.0,-0.05123174,-0.025284566,-0.00032805183,Laureles Estadio,2022
-0.029992396,-0.008706599,-0.0030573523,0.0,-0.006410882,0.00042667342,6.5110515e-05,Laureles—Estadio,2022
0.0074027847,0.028018478,0.029212499,0.0,-0.009218756,0.050537672,-0.0014776066,Manrique,2022
-0.0021441572,-0.009866293,0.036568344,0.0,-0.0056977733,0.03881447,0.00018058709,Palmitas,2022
-0.013238942,-0.008367625,-0.0018315633,0.0,-0.0062627657,0.0011325903,0.00015828584,Poblado,2022
0.012736521,0.017816875,0.026936213,0.0,0.029519288,0.061318688,-0.002001833,Popular,2022
-0.005461419,0.004381589,0.02977264,0.0,-0.015740586,0.022667203,-0.00036608923,Robledo,2022
-0.003015135,-0.009908624,0.034116603,0.0,-0.005288927,0.037768215,0.00018058709,San Antonio de Prado,2022
-0.0019317425,-0.009759257,0.038909882,0.0,-0.005691957,0.04366173,0.00027108498,San Cristobal,2022
0.00957384,-0.0086443545,-0.0009220649,0.0,-0.006539897,0.001912889,0.00015169359,San Cristóbal,2022
0.013977119,-0.003124545,0.037551638,0.0,-0.005461683,0.029178878,0.00053427974,San Javier,2022
-0.0023112404,-0.008578968,-0.0014582557,0.0,-0.0066076457,0.0019412447,0.00018043298,San Sebastián De Palmitas,2022
0.013894153,0.022090375,0.032354478,0.0,-0.017092638,0.04862358,-0.00088861934,Santa Cruz,2022
-0.0029271108,-0.009825921,0.03260582,0.0,-0.005665265,0.035830613,0.00030616423,Santa Elena,2022
0.009543684,-0.010209052,0.035855353,0.0,-0.0051406957,0.042241495,-4.0139217e-05,Villa Hermosa,2022
0.014492862,-0.0067419107,0.03287939,0.0,-0.00381541,0.00030742623,0.00018682757,Altavista,2023
0.0042082565,0.0069508776,0.029494738,0.0,-0.010175316,0.023656128,-0.00032662315,Aranjuez,2023
-0.002270572,-0.0068408884,0.03438467,0.0,-0.0054274527,-0.024540622,0.00023490572,Belen,2023
-0.017888559,-0.01096741,-0.003328704,0.0,-0.035535656,0.0029119886,-0.00033861,Belén,2023
-0.009454517,-0.0034743298,0.029610645,0.0,-0.03406367,0.020053871,-0.0006286284,Buenos Aires,2023
-0.008398498,-0.007687108,0.030635905,0.0,-0.002968152,0.017611286,-0.0003716422,Castilla,2023
0.0044125794,0.0063122027,6.219636e-06,0.0,0.009240504,-0.006890475,-0.0003747418,Corregimiento de Altavista,2023
0.0058869417,-0.0051552877,-0.0021137672,0.0,-0.0071414593,0.0015929686,0.00013905697,Corregimiento de San Antonio de Prado,2023
0.008686398,-0.010271346,-0.0020355545,0.0,-0.006590989,0.0016949439,6.5392735e-05,Corregimiento de San Cristóbal,2023
0.0146761695,0.038865183,0.003881963,0.0,0.015712228,-0.0070702927,0.00019543398,Corregimiento de San Sebastián de Palmitas,2023
0.008976128,0.031484157,0.0031596206,0.0,0.019853938,-0.008611958,1.1689823e-05,Corregimiento de Santa Elena,2023
0.008812097,0.01047449,0.030889915,0.0,-0.024547115,0.037007686,-0.0009104462,Doce de Octubre,2023
-0.0073663294,-0.008507944,-0.0021722345,0.0,-0.006333142,0.0015351975,0.00012022205,Doce de octubre,2023
-0.0060162283,-0.022650372,0.02517866,0.0,-0.052804224,-0.05088646,0.0002723114,El Poblado,2023
-0.011689615,-0.006655325,0.023028588,0.0,-0.03603498,0.0085655,-0.0007763829,Guayabal,2023
-0.0021161747,-0.0072406684,0.04145841,0.0,-0.0061164736,-0.032494087,0.0006758049,La America,2023
-0.024922956,-0.017239435,-0.013499844,0.0,-0.049138248,0.0040469086,-0.00029916054,La América,2023
-0.0034509923,-0.009567471,0.0390993,0.0,-0.03664336,-0.006203971,-0.0007790057,La Candelaria,2023
-0.002397626,-0.022507463,0.025734046,0.0,-0.050269235,-0.03869179,0.0002592228,Laureles Estadio,2023
-0.027900448,-0.008700158,-0.0028952307,0.0,-0.0063767564,0.00042880836,6.791653e-05,Laureles—Estadio,2023
0.0064800656,0.047886692,0.024285281,0.0,0.044138633,0.043480244,-0.0012901429,Manrique,2023
-0.0014703812,-0.009340477,0.03532567,0.0,-0.00569419,0.03362621,0.00034748556,Palmitas,2023
-0.017631134,-0.00862426,-0.0019250361,0.0,-0.006310791,0.0006798601,8.873043e-05,Poblado,2023
0.016832184,0.028242266,0.026840778,0.0,0.05183822,0.045567483,-0.0012895259,Popular,2023
-0.0022867725,0.0070471377,0.030873965,0.0,-0.0148004275,0.016747043,-0.00044553075,Robledo,2023
-0.003034171,-0.0069092307,0.030448534,0.0,-0.0029007713,0.0075246417,-8.502211e-05,San Antonio de Prado,2023
-0.0015901064,-0.0069432296,0.03712084,0.0,-0.0049709994,0.027723813,5.3917545e-05,San Cristobal,2023
0.009591713,-0.008662859,-0.0009207699,0.0,-0.0065405597,0.001912889,0.00015169359,San Cristóbal,2023
0.008015274,0.021919223,0.033663023,0.0,-0.010800919,0.02675698,0.0005118035,San Javier,2023
0.010675688,-0.008678408,-0.0007309456,0.0,-0.0065752068,0.0019939414,0.00020515754,San Sebastián De Palmitas,2023
0.004224191,0.07203534,0.025127474,0.0,0.04518231,0.038433727,-0.00043167616,Santa Cruz,2023
0.008877925,-0.010230393,0.031783752,0.0,-0.0054690717,0.041542035,-9.0561545e-05,Santa Elena,2023
0.008975668,0.048278093,0.025986101,0.0,0.018906415,0.025777435,0.0001394942,Villa Hermosa,2023
0.0045704697,-0.0070321453,0.03388047,0.0,-0.002380717,0.013184106,-0.0010291366,Altavista,2024
0.007499938,0.007146018,0.030049905,0.0,-0.011197263,0.027994232,-0.00083456194,Aranjuez,2024
-0.0022665032,-0.0070360918,0.035434473,0.0,-0.0036689646,-0.010895736,-0.00055853993,Belen,2024
-0.013700188,-0.010171602,-0.0031578445,0.0,-0.03328974,0.0034852305,-0.00091642735,Belén,2024
0.0039731627,-0.0030115906,0.033797234,0.0,-0.003036881,0.017299065,-0.0010518866,Buenos Aires,2024
-0.0014816531,-0.009776079,0.026195984,0.0,-0.026076192,0.012456761,-0.0013661099,Castilla,2024
0.0042870683,0.006454943,0.0004764699,0.0,-0.012103627,-0.0014630227,-0.0008063773,Corregimiento de Altavista,2024
0.0061178487,-0.005126474,-0.0023566852,0.0,-0.010829984,0.0019981398,-0.0005143334,Corregimiento de San Antonio de Prado,2024
0.008917307,-0.010059109,-0.002264676,0.0,-0.009902914,0.0020890036,-0.0005879978,Corregimiento de San Cristóbal,2024
0.014492608,0.041789606,0.004347274,0.0,0.045966573,-0.0042023766,-0.0007001613,Corregimiento de San Sebastián de Palmitas,2024
0.01039614,0.032068297,0.0040450585,0.0,-0.022350429,-0.0013487315,-0.00084095605,Corregimiento de Santa Elena,2024
0.008497323,0.0054886155,0.030844534,0.0,-0.016464844,0.035690848,-0.0006500964,Doce de Octubre,2024
0.005873546,-0.008609619,-0.0011154778,0.0,-0.006668337,0.0016978993,-0.00053157116,Doce de octubre,2024
-0.0062446045,-0.022721123,0.02431097,0.0,-0.054553494,-0.040879216,-0.001023935,El Poblado,2024
-0.009928456,-0.0057905903,0.025670832,0.0,-0.047974583,0.004167633,-0.0022071481,Guayabal,2024
-0.0016472819,-0.0067943973,0.041537438,0.0,-0.0053705233,-0.02425261,-0.00011048161,La America,2024
-0.020169536,-0.017194748,-0.011531077,0.0,-0.042441357,0.004339517,-0.00086415466,La América,2024
-0.0014593604,-0.009462444,0.040581096,0.0,-0.027367365,-0.010270396,-0.0007159282,La Candelaria,2024
-0.0019182087,-0.019387031,0.026000308,0.0,-0.04930599,-0.027186083,-0.0004518627,Laureles Estadio,2024
-0.024547925,-0.008699039,-0.0025252914,0.0,-0.006397333,0.00053300534,-0.0006254616,Laureles—Estadio,2024
0.007840433,0.046383474,0.023479799,0.0,0.02885434,0.049805675,-0.0034097268,Manrique,2024
-0.0023247006,-0.0069013457,0.033640064,0.0,-0.0041065062,0.0014474258,-0.00058919087,Palmitas,2024
-0.027870165,-0.008708391,-0.0029847547,0.0,-0.0063905776,0.0005324741,-0.0006254616,Poblado,2024
0.00779099,0.025269885,0.027828507,0.0,0.036491282,0.050676845,-0.0038452132,Popular,2024
-0.0034222985,0.0072259833,0.031936478,0.0,-0.007683547,0.017651754,-0.0012430985,Robledo,2024
-0.0021857056,-0.006928708,0.0317563,0.0,-0.00208291,0.014031765,-0.0010105104,San Antonio de Prado,2024
-0.0015992562,-0.006806922,0.03707421,0.0,-0.0023092693,0.024671318,-0.00092180615,San Cristobal,2024
0.009023987,-0.00862383,-0.00085491966,0.0,-0.0065414784,0.0020107,-0.00053157116,San Cristóbal,2024
0.00849465,0.021768067,0.032001805,0.0,-0.013827239,0.01622172,-0.0003576427,San Javier,2024
0.010791631,-0.008686642,-0.0007515383,0.0,-0.0065890276,0.0020980872,-0.00033362932,San Sebastián De Palmitas,2024
0.0107668005,0.061958514,0.024949994,0.0,0.02260333,0.0497348,-0.0010683165,Santa Cruz,2024
0.008947507,-0.007335397,0.02975931,0.0,-0.0021722484,0.012835579,-0.000754665,Santa Elena,2024
0.010875169,0.04942228,0.02491425,0.0,0.024791326,0.027664907,6.497388e-05,Villa Hermosa,2024
